trial0018001, GDX, 5504.25, 38, 144.85, 3.16, 0.00031959, 0.00000390, ZIP, 416.75, 2, 208.38, 3.00, 0.00000671, 0.00000642
trial0018002, GDX, 4437.5, 38, 116.78, 2.63, 0.00034004, 0.00000380, ZIP, 624.5, 2, 312.25, 5.00, 0.00000663, 0.00000601
trial0018003, GDX, 3813.5, 38, 100.36, 2.05, 0.00033226, 0.00000404, ZIP, 385.5, 2, 192.75, 6.00, 0.00000654, 0.00000650
trial0018004, GDX, 6483.5, 38, 170.62, 3.68, 0.00030507, 0.00000360, ZIP, 530.5, 2, 265.25, 5.00, 0.00000653, 0.00000564
trial0018005, GDX, 5784.25, 38, 152.22, 3.18, 0.00033380, 0.00000389, ZIP, 407.75, 2, 203.88, 4.50, 0.00000685, 0.00000597
trial0018006, GDX, 3227.5, 38, 84.93, 1.79, 0.00035279, 0.00000379, ZIP, 429.5, 2, 214.75, 4.00, 0.00000684, 0.00000583
trial0018007, GDX, 4240.75, 38, 111.60, 2.74, 0.00035455, 0.00000385, ZIP, 667.25, 2, 333.62, 6.00, 0.00000648, 0.00000531
trial0018008, GDX, 4109.0, 38, 108.13, 2.26, 0.00034507, 0.00000390, ZIP, 553.0, 2, 276.50, 7.00, 0.00000652, 0.00000592
trial0018009, GDX, 7427.0, 38, 195.45, 3.68, 0.00031078, 0.00000362, ZIP, 380.0, 2, 190.00, 3.00, 0.00000638, 0.00000574
trial0018010, GDX, 5478.0, 38, 144.16, 3.16, 0.00033494, 0.00000375, ZIP, 477.0, 2, 238.50, 4.00, 0.00000631, 0.00000610
trial0018011, GDX, 4676.5, 38, 123.07, 2.53, 0.00032854, 0.00000392, ZIP, 713.5, 2, 356.75, 7.00, 0.00000639, 0.00000595
trial0018012, GDX, 7428.0, 38, 195.47, 4.47, 0.00032286, 0.00000390, ZIP, 424.0, 2, 212.00, 4.00, 0.00000630, 0.00000653
trial0018013, GDX, 3004.0, 38, 79.05, 2.00, 0.00033362, 0.00000390, ZIP, 400.0, 2, 200.00, 2.00, 0.00000649, 0.00000588
trial0018014, GDX, 9723.5, 38, 255.88, 5.61, 0.00032708, 0.00000403, ZIP, 499.5, 2, 249.75, 5.50, 0.00000678, 0.00000705
trial0018015, GDX, 4705.0, 38, 123.82, 2.47, 0.00032989, 0.00000379, ZIP, 814.0, 2, 407.00, 7.00, 0.00000650, 0.00000546
trial0018016, GDX, 7225.5, 38, 190.14, 4.24, 0.00034960, 0.00000410, ZIP, 617.5, 2, 308.75, 6.50, 0.00000640, 0.00000757
trial0018017, GDX, 6633.5, 38, 174.57, 3.71, 0.00034984, 0.00000395, ZIP, 419.5, 2, 209.75, 4.50, 0.00000640, 0.00000656
trial0018018, GDX, 4177.5, 38, 109.93, 2.21, 0.00034035, 0.00000409, ZIP, 869.5, 2, 434.75, 6.00, 0.00000650, 0.00000728
trial0018019, GDX, 2332.0, 38, 61.37, 1.45, 0.00032633, 0.00000381, ZIP, 603.0, 2, 301.50, 4.50, 0.00000667, 0.00000578
trial0018020, GDX, 5451.0, 38, 143.45, 3.03, 0.00034312, 0.00000379, ZIP, 438.0, 2, 219.00, 4.50, 0.00000663, 0.00000586
trial0018021, GDX, 9819.0, 38, 258.39, 5.16, 0.00029703, 0.00000380, ZIP, 294.0, 2, 147.00, 3.00, 0.00000645, 0.00000681
trial0018022, GDX, 4160.5, 38, 109.49, 2.11, 0.00033199, 0.00000383, ZIP, 547.5, 2, 273.75, 5.00, 0.00000641, 0.00000614
trial0018023, GDX, 3932.25, 38, 103.48, 1.87, 0.00030496, 0.00000385, ZIP, 692.75, 2, 346.38, 7.50, 0.00000666, 0.00000717
trial0018024, GDX, 4690.0, 38, 123.42, 2.63, 0.00032020, 0.00000390, ZIP, 854.0, 2, 427.00, 8.00, 0.00000651, 0.00000618
trial0018025, GDX, 7368.0, 38, 193.89, 3.66, 0.00032686, 0.00000371, ZIP, 291.0, 2, 145.50, 3.50, 0.00000647, 0.00000660
trial0018026, GDX, 5871.75, 38, 154.52, 3.26, 0.00033433, 0.00000384, ZIP, 956.25, 2, 478.12, 8.00, 0.00000654, 0.00000657
trial0018027, GDX, 2834.0, 38, 74.58, 1.47, 0.00033483, 0.00000408, ZIP, 422.0, 2, 211.00, 6.00, 0.00000668, 0.00000635
trial0018028, GDX, 4201.0, 38, 110.55, 2.29, 0.00034738, 0.00000377, ZIP, 464.0, 2, 232.00, 3.50, 0.00000667, 0.00000570
trial0018029, GDX, 4289.0, 38, 112.87, 2.79, 0.00034979, 0.00000407, ZIP, 687.0, 2, 343.50, 6.00, 0.00000648, 0.00000680
trial0018030, GDX, 4273.0, 38, 112.45, 2.50, 0.00032142, 0.00000384, ZIP, 293.0, 2, 146.50, 3.50, 0.00000712, 0.00000619
trial0018031, GDX, 4412.5, 38, 116.12, 2.74, 0.00033456, 0.00000396, ZIP, 488.5, 2, 244.25, 5.00, 0.00000663, 0.00000652
trial0018032, GDX, 2967.75, 38, 78.10, 1.68, 0.00034603, 0.00000388, ZIP, 596.25, 2, 298.12, 6.00, 0.00000678, 0.00000573
trial0018033, GDX, 4773.0, 38, 125.61, 2.45, 0.00035831, 0.00000387, ZIP, 403.0, 2, 201.50, 4.50, 0.00000668, 0.00000630
trial0018034, GDX, 5894.5, 38, 155.12, 3.45, 0.00033111, 0.00000400, ZIP, 831.5, 2, 415.75, 7.50, 0.00000674, 0.00000690
trial0018035, GDX, 3209.5, 38, 84.46, 1.58, 0.00032237, 0.00000377, ZIP, 433.5, 2, 216.75, 4.00, 0.00000691, 0.00000582
trial0018036, GDX, 6806.0, 38, 179.11, 3.82, 0.00030836, 0.00000366, ZIP, 459.0, 2, 229.50, 4.50, 0.00000659, 0.00000606
trial0018037, GDX, 3693.0, 38, 97.18, 2.00, 0.00035460, 0.00000397, ZIP, 454.0, 2, 227.00, 3.00, 0.00000671, 0.00000590
trial0018038, GDX, 3134.5, 38, 82.49, 1.76, 0.00034382, 0.00000360, ZIP, 440.5, 2, 220.25, 3.50, 0.00000669, 0.00000538
trial0018039, GDX, 3372.0, 38, 88.74, 1.79, 0.00032598, 0.00000377, ZIP, 354.0, 2, 177.00, 4.00, 0.00000656, 0.00000556
trial0018040, GDX, 4994.0, 38, 131.42, 2.79, 0.00034143, 0.00000383, ZIP, 440.0, 2, 220.00, 5.00, 0.00000677, 0.00000638
trial0018041, GDX, 8274.0, 38, 217.74, 4.61, 0.00031616, 0.00000374, ZIP, 419.0, 2, 209.50, 5.50, 0.00000659, 0.00000635
trial0018042, GDX, 4804.0, 38, 126.42, 2.82, 0.00032415, 0.00000358, ZIP, 401.0, 2, 200.50, 4.50, 0.00000649, 0.00000520
trial0018043, GDX, 7315.5, 38, 192.51, 3.89, 0.00032644, 0.00000375, ZIP, 483.5, 2, 241.75, 4.00, 0.00000665, 0.00000606
trial0018044, GDX, 2084.0, 38, 54.84, 1.26, 0.00032572, 0.00000384, ZIP, 891.0, 2, 445.50, 7.00, 0.00000638, 0.00000623
trial0018045, GDX, 1862.0, 38, 49.00, 1.24, 0.00032041, 0.00000387, ZIP, 716.0, 2, 358.00, 6.50, 0.00000662, 0.00000589
trial0018046, GDX, 2604.5, 38, 68.54, 1.39, 0.00031777, 0.00000385, ZIP, 895.5, 2, 447.75, 8.50, 0.00000688, 0.00000621
trial0018047, GDX, 6352.5, 38, 167.17, 3.37, 0.00033252, 0.00000409, ZIP, 599.5, 2, 299.75, 6.00, 0.00000636, 0.00000633
trial0018048, GDX, 4471.0, 38, 117.66, 2.76, 0.00032150, 0.00000380, ZIP, 769.0, 2, 384.50, 6.50, 0.00000676, 0.00000574
trial0018049, GDX, 765.0, 38, 20.13, 0.55, 0.00031216, 0.00000388, ZIP, 596.0, 2, 298.00, 4.50, 0.00000660, 0.00000603
trial0018050, GDX, 5319.0, 38, 139.97, 3.03, 0.00033796, 0.00000389, ZIP, 683.0, 2, 341.50, 5.50, 0.00000627, 0.00000615
trial0018051, GDX, 5997.0, 38, 157.82, 3.03, 0.00036255, 0.00000380, ZIP, 354.0, 2, 177.00, 3.50, 0.00000699, 0.00000668
trial0018052, GDX, 7713.0, 38, 202.97, 3.82, 0.00033121, 0.00000423, ZIP, 630.0, 2, 315.00, 5.50, 0.00000648, 0.00000735
trial0018053, GDX, 3180.5, 38, 83.70, 1.66, 0.00032815, 0.00000373, ZIP, 576.5, 2, 288.25, 4.50, 0.00000664, 0.00000581
trial0018054, GDX, 4516.25, 38, 118.85, 2.79, 0.00032922, 0.00000394, ZIP, 387.75, 2, 193.88, 4.00, 0.00000674, 0.00000678
trial0018055, GDX, 8444.0, 38, 222.21, 4.95, 0.00031931, 0.00000391, ZIP, 906.0, 2, 453.00, 7.00, 0.00000641, 0.00000673
trial0018056, GDX, 7441.0, 38, 195.82, 4.21, 0.00033368, 0.00000371, ZIP, 337.0, 2, 168.50, 3.00, 0.00000668, 0.00000587
trial0018057, GDX, 4498.5, 38, 118.38, 2.53, 0.00033384, 0.00000383, ZIP, 756.5, 2, 378.25, 7.00, 0.00000683, 0.00000628
trial0018058, GDX, 4244.5, 38, 111.70, 2.34, 0.00031470, 0.00000369, ZIP, 574.5, 2, 287.25, 4.50, 0.00000677, 0.00000553
trial0018059, GDX, 1450.75, 38, 38.18, 0.84, 0.00031540, 0.00000392, ZIP, 408.25, 2, 204.12, 5.00, 0.00000662, 0.00000591
trial0018060, GDX, 1701.0, 38, 44.76, 0.87, 0.00030418, 0.00000383, ZIP, 695.0, 2, 347.50, 6.50, 0.00000652, 0.00000618
trial0018061, GDX, 5513.5, 38, 145.09, 3.08, 0.00030537, 0.00000363, ZIP, 547.5, 2, 273.75, 4.50, 0.00000710, 0.00000540
trial0018062, GDX, 5191.5, 38, 136.62, 2.68, 0.00032694, 0.00000395, ZIP, 634.5, 2, 317.25, 7.00, 0.00000661, 0.00000636
trial0018063, GDX, 9443.75, 38, 248.52, 5.29, 0.00031982, 0.00000387, ZIP, 592.25, 2, 296.12, 5.50, 0.00000650, 0.00000674
trial0018064, GDX, 3257.5, 38, 85.72, 1.89, 0.00035373, 0.00000397, ZIP, 654.5, 2, 327.25, 6.00, 0.00000682, 0.00000624
trial0018065, GDX, 6008.0, 38, 158.11, 3.21, 0.00036920, 0.00000405, ZIP, 532.0, 2, 266.00, 4.00, 0.00000665, 0.00000658
trial0018066, GDX, 2648.5, 38, 69.70, 1.39, 0.00032296, 0.00000387, ZIP, 696.5, 2, 348.25, 5.50, 0.00000667, 0.00000609
trial0018067, GDX, 3181.5, 38, 83.72, 2.16, 0.00035240, 0.00000375, ZIP, 471.5, 2, 235.75, 4.00, 0.00000708, 0.00000550
trial0018068, GDX, 5054.5, 38, 133.01, 3.00, 0.00032014, 0.00000387, ZIP, 432.5, 2, 216.25, 6.00, 0.00000658, 0.00000609
trial0018069, GDX, 6743.0, 38, 177.45, 3.76, 0.00031716, 0.00000372, ZIP, 291.0, 2, 145.50, 2.50, 0.00000652, 0.00000582
trial0018070, GDX, 2644.0, 38, 69.58, 1.37, 0.00030854, 0.00000383, ZIP, 377.0, 2, 188.50, 5.00, 0.00000657, 0.00000588
trial0018071, GDX, 6714.5, 38, 176.70, 4.16, 0.00033808, 0.00000385, ZIP, 453.5, 2, 226.75, 4.00, 0.00000749, 0.00000668
trial0018072, GDX, 7544.0, 38, 198.53, 4.11, 0.00034246, 0.00000389, ZIP, 479.0, 2, 239.50, 5.00, 0.00000637, 0.00000686
trial0018073, GDX, 7229.25, 38, 190.24, 4.08, 0.00033107, 0.00000409, ZIP, 469.75, 2, 234.88, 5.50, 0.00000661, 0.00000811
trial0018074, GDX, 5946.0, 38, 156.47, 3.16, 0.00033367, 0.00000375, ZIP, 937.0, 2, 468.50, 7.00, 0.00000672, 0.00000572
trial0018075, GDX, 4502.25, 38, 118.48, 2.55, 0.00032428, 0.00000385, ZIP, 322.75, 2, 161.38, 5.50, 0.00000635, 0.00000603
trial0018076, GDX, 7644.5, 38, 201.17, 4.61, 0.00033308, 0.00000382, ZIP, 415.5, 2, 207.75, 3.50, 0.00000658, 0.00000638
trial0018077, GDX, 931.0, 38, 24.50, 0.39, 0.00031687, 0.00000392, ZIP, 395.0, 2, 197.50, 5.50, 0.00000679, 0.00000606
trial0018078, GDX, 3422.0, 38, 90.05, 1.95, 0.00032116, 0.00000374, ZIP, 588.0, 2, 294.00, 6.00, 0.00000654, 0.00000587
trial0018079, GDX, 3922.5, 38, 103.22, 2.05, 0.00033573, 0.00000375, ZIP, 403.5, 2, 201.75, 4.00, 0.00000653, 0.00000533
trial0018080, GDX, 3472.75, 38, 91.39, 1.92, 0.00033711, 0.00000386, ZIP, 580.25, 2, 290.12, 5.50, 0.00000622, 0.00000598
trial0018081, GDX, 3149.5, 38, 82.88, 1.82, 0.00034210, 0.00000391, ZIP, 571.5, 2, 285.75, 4.50, 0.00000662, 0.00000627
trial0018082, GDX, 5796.0, 38, 152.53, 3.03, 0.00036094, 0.00000387, ZIP, 374.0, 2, 187.00, 3.50, 0.00000680, 0.00000634
trial0018083, GDX, 6471.0, 38, 170.29, 3.66, 0.00034403, 0.00000393, ZIP, 323.0, 2, 161.50, 3.50, 0.00000651, 0.00000713
trial0018084, GDX, 3105.0, 38, 81.71, 1.71, 0.00032304, 0.00000362, ZIP, 762.0, 2, 381.00, 5.50, 0.00000697, 0.00000489
trial0018085, GDX, 3987.5, 38, 104.93, 2.58, 0.00035013, 0.00000358, ZIP, 482.5, 2, 241.25, 4.00, 0.00000652, 0.00000522
trial0018086, GDX, 6885.0, 38, 181.18, 4.05, 0.00032854, 0.00000386, ZIP, 488.0, 2, 244.00, 5.00, 0.00000680, 0.00000573
trial0018087, GDX, 6567.5, 38, 172.83, 3.55, 0.00032346, 0.00000367, ZIP, 499.5, 2, 249.75, 5.50, 0.00000659, 0.00000561
trial0018088, GDX, 6566.5, 38, 172.80, 3.58, 0.00035099, 0.00000371, ZIP, 810.5, 2, 405.25, 5.00, 0.00000643, 0.00000619
trial0018089, GDX, 6974.0, 38, 183.53, 3.76, 0.00034611, 0.00000402, ZIP, 536.0, 2, 268.00, 5.50, 0.00000668, 0.00000666
trial0018090, GDX, 2265.5, 38, 59.62, 1.42, 0.00036508, 0.00000410, ZIP, 474.5, 2, 237.25, 5.00, 0.00000673, 0.00000652
trial0018091, GDX, 4306.0, 38, 113.32, 2.61, 0.00033404, 0.00000384, ZIP, 342.0, 2, 171.00, 4.50, 0.00000668, 0.00000651
trial0018092, GDX, 5220.0, 38, 137.37, 2.95, 0.00032909, 0.00000397, ZIP, 291.0, 2, 145.50, 5.00, 0.00000665, 0.00000697
trial0018093, GDX, 6435.5, 38, 169.36, 3.68, 0.00032846, 0.00000395, ZIP, 433.5, 2, 216.75, 5.00, 0.00000640, 0.00000673
trial0018094, GDX, 3729.5, 38, 98.14, 2.13, 0.00033559, 0.00000375, ZIP, 421.5, 2, 210.75, 3.50, 0.00000649, 0.00000576
trial0018095, GDX, 4689.0, 38, 123.39, 2.68, 0.00030605, 0.00000373, ZIP, 817.0, 2, 408.50, 7.00, 0.00000660, 0.00000570
trial0018096, GDX, 3947.0, 38, 103.87, 2.26, 0.00033974, 0.00000377, ZIP, 524.0, 2, 262.00, 6.00, 0.00000640, 0.00000578
trial0018097, GDX, 6090.0, 38, 160.26, 3.55, 0.00036457, 0.00000435, ZIP, 580.0, 2, 290.00, 5.50, 0.00000659, 0.00000746
trial0018098, GDX, 5222.5, 38, 137.43, 3.21, 0.00032973, 0.00000415, ZIP, 663.5, 2, 331.75, 6.00, 0.00000662, 0.00000692
trial0018099, GDX, 953.75, 38, 25.10, 0.47, 0.00030049, 0.00000369, ZIP, 540.25, 2, 270.12, 5.00, 0.00000627, 0.00000544
trial0018100, GDX, 3688.0, 38, 97.05, 1.87, 0.00033697, 0.00000383, ZIP, 367.0, 2, 183.50, 4.50, 0.00000649, 0.00000591
trial0018101, GDX, 2571.0, 38, 67.66, 3.16, 0.00036194, 0.00000381, ZIP, 169.0, 2, 84.50, 4.00, 0.00000655, 0.00000645
trial0018102, GDX, 3074.5, 38, 80.91, 4.00, 0.00035066, 0.00000417, ZIP, 199.5, 2, 99.75, 5.00, 0.00000677, 0.00000747
trial0018103, GDX, 1041.0, 38, 27.39, 1.37, 0.00039138, 0.00000388, ZIP, 115.0, 2, 57.50, 3.00, 0.00000685, 0.00000590
trial0018104, GDX, 2703.5, 38, 71.14, 3.32, 0.00037043, 0.00000399, ZIP, 137.5, 2, 68.75, 3.00, 0.00000641, 0.00000707
trial0018105, GDX, 1543.0, 38, 40.61, 1.95, 0.00036442, 0.00000370, ZIP, 187.0, 2, 93.50, 3.00, 0.00000746, 0.00000584
trial0018106, GDX, 983.0, 38, 25.87, 1.55, 0.00036432, 0.00000371, ZIP, 288.0, 2, 144.00, 5.50, 0.00000674, 0.00000486
trial0018107, GDX, 1125.5, 38, 29.62, 1.47, 0.00040368, 0.00000363, ZIP, 120.5, 2, 60.25, 3.00, 0.00000646, 0.00000549
trial0018108, GDX, 1777.5, 38, 46.78, 2.29, 0.00035481, 0.00000372, ZIP, 256.5, 2, 128.25, 4.50, 0.00000673, 0.00000557
trial0018109, GDX, 1893.0, 38, 49.82, 2.45, 0.00035709, 0.00000382, ZIP, 150.0, 2, 75.00, 2.50, 0.00000659, 0.00000590
trial0018110, GDX, 2212.0, 38, 58.21, 2.76, 0.00038075, 0.00000397, ZIP, 158.0, 2, 79.00, 3.50, 0.00000671, 0.00000556
trial0018111, GDX, 2286.5, 38, 60.17, 2.89, 0.00037532, 0.00000523, ZIP, 190.5, 2, 95.25, 4.00, 0.00000863, 0.00000633
trial0018112, GDX, 1757.5, 38, 46.25, 2.45, 0.00035645, 0.00000407, ZIP, 223.5, 2, 111.75, 4.50, 0.00000655, 0.00000666
trial0018113, GDX, 2463.0, 38, 64.82, 3.11, 0.00033850, 0.00000383, ZIP, 375.0, 2, 187.50, 7.00, 0.00000677, 0.00000600
trial0018114, GDX, 1568.0, 38, 41.26, 2.18, 0.00039142, 0.00000396, ZIP, 161.0, 2, 80.50, 3.50, 0.00000653, 0.00000642
trial0018115, GDX, 1586.5, 38, 41.75, 2.18, 0.00038072, 0.00000392, ZIP, 277.5, 2, 138.75, 3.50, 0.00000635, 0.00000585
trial0018116, GDX, 2642.0, 38, 69.53, 3.24, 0.00033801, 0.00000382, ZIP, 267.0, 2, 133.50, 5.50, 0.00000651, 0.00000649
trial0018117, GDX, 939.75, 38, 24.73, 1.39, 0.00038353, 0.00000380, ZIP, 235.25, 2, 117.62, 5.50, 0.00000647, 0.00000522
trial0018118, GDX, 2418.0, 38, 63.63, 3.24, 0.00032388, 0.00000367, ZIP, 187.0, 2, 93.50, 3.50, 0.00000672, 0.00000630
trial0018119, GDX, 3593.5, 38, 94.57, 4.39, 0.00035262, 0.00000394, ZIP, 155.5, 2, 77.75, 3.50, 0.00000694, 0.00000664
trial0018120, GDX, 780.5, 38, 20.54, 1.13, 0.00041258, 0.00000673, ZIP, 248.5, 2, 124.25, 4.50, 0.00000690, 0.00000499
trial0018121, GDX, 2568.5, 38, 67.59, 3.47, 0.00034635, 0.00000396, ZIP, 299.5, 2, 149.75, 6.00, 0.00000648, 0.00000641
trial0018122, GDX, 969.75, 38, 25.52, 1.26, 0.00036297, 0.00000384, ZIP, 322.25, 2, 161.12, 5.00, 0.00000698, 0.00000590
trial0018123, GDX, 2149.5, 38, 56.57, 2.66, 0.00038068, 0.00000386, ZIP, 122.5, 2, 61.25, 3.50, 0.00000631, 0.00000604
trial0018124, GDX, 590.0, 38, 15.53, 0.79, 0.00039077, 0.00000374, ZIP, 157.0, 2, 78.50, 5.00, 0.00000660, 0.00000551
trial0018125, GDX, 3600.0, 38, 94.74, 4.58, 0.00033635, 0.00000380, ZIP, 236.0, 2, 118.00, 5.00, 0.00000662, 0.00000624
trial0018126, GDX, 2058.5, 38, 54.17, 2.53, 0.00039697, 0.00000420, ZIP, 142.5, 2, 71.25, 2.00, 0.00000657, 0.00000646
trial0018127, GDX, 1389.0, 38, 36.55, 2.13, 0.00040369, 0.00000404, ZIP, 234.0, 2, 117.00, 3.50, 0.00000657, 0.00000638
trial0018128, GDX, 2634.0, 38, 69.32, 3.55, 0.00033269, 0.00000390, ZIP, 201.0, 2, 100.50, 3.50, 0.00000659, 0.00000668
trial0018129, GDX, 1778.5, 38, 46.80, 2.39, 0.00036038, 0.00000394, ZIP, 227.5, 2, 113.75, 5.50, 0.00000650, 0.00000592
trial0018130, GDX, 1451.0, 38, 38.18, 2.00, 0.00037347, 0.00000370, ZIP, 246.0, 2, 123.00, 3.00, 0.00000644, 0.00000539
trial0018131, GDX, 2471.25, 38, 65.03, 3.50, 0.00035580, 0.00000403, ZIP, 137.75, 2, 68.88, 4.50, 0.00000643, 0.00000689
trial0018132, GDX, 3277.75, 38, 86.26, 4.24, 0.00032275, 0.00000373, ZIP, 293.25, 2, 146.62, 6.50, 0.00000658, 0.00000609
trial0018133, GDX, 2542.5, 38, 66.91, 2.82, 0.00036889, 0.00000406, ZIP, 219.5, 2, 109.75, 4.50, 0.00000628, 0.00000678
trial0018134, GDX, 3560.5, 38, 93.70, 5.03, 0.00033692, 0.00000383, ZIP, 117.5, 2, 58.75, 3.50, 0.00000647, 0.00000642
trial0018135, GDX, 2722.0, 38, 71.63, 3.32, 0.00033528, 0.00000379, ZIP, 223.0, 2, 111.50, 5.00, 0.00000666, 0.00000593
trial0018136, GDX, 3673.0, 38, 96.66, 4.68, 0.00030805, 0.00000369, ZIP, 235.0, 2, 117.50, 5.00, 0.00000667, 0.00000644
trial0018137, GDX, 4309.0, 38, 113.39, 5.71, 0.00029122, 0.00000350, ZIP, 153.0, 2, 76.50, 4.50, 0.00000671, 0.00000595
trial0018138, GDX, 2352.5, 38, 61.91, 3.05, 0.00035367, 0.00000391, ZIP, 221.5, 2, 110.75, 5.00, 0.00000692, 0.00000661
trial0018139, GDX, 1231.25, 38, 32.40, 1.68, 0.00040080, 0.00000381, ZIP, 229.75, 2, 114.88, 3.00, 0.00000670, 0.00000603
trial0018140, GDX, 1817.5, 38, 47.83, 2.32, 0.00035912, 0.00000387, ZIP, 276.5, 2, 138.25, 5.00, 0.00000679, 0.00000606
trial0018141, GDX, 2359.0, 38, 62.08, 2.66, 0.00036814, 0.00000386, ZIP, 319.0, 2, 159.50, 6.50, 0.00000632, 0.00000617
trial0018142, GDX, 2402.5, 38, 63.22, 3.34, 0.00035751, 0.00000368, ZIP, 162.5, 2, 81.25, 3.50, 0.00000647, 0.00000586
trial0018143, GDX, 1662.0, 38, 43.74, 2.34, 0.00035775, 0.00000362, ZIP, 146.0, 2, 73.00, 2.50, 0.00000663, 0.00000507
trial0018144, GDX, 1883.5, 38, 49.57, 2.32, 0.00037522, 0.00000370, ZIP, 94.5, 2, 47.25, 2.00, 0.00000658, 0.00000563
trial0018145, GDX, 1399.5, 38, 36.83, 1.89, 0.00037750, 0.00000387, ZIP, 249.5, 2, 124.75, 5.00, 0.00000667, 0.00000614
trial0018146, GDX, 3017.5, 38, 79.41, 3.87, 0.00031783, 0.00000379, ZIP, 281.5, 2, 140.75, 4.50, 0.00000643, 0.00000642
trial0018147, GDX, 1180.0, 38, 31.05, 1.61, 0.00038657, 0.00000364, ZIP, 92.0, 2, 46.00, 1.50, 0.00000686, 0.00000515
trial0018148, GDX, 2249.5, 38, 59.20, 2.53, 0.00037237, 0.00000381, ZIP, 164.5, 2, 82.25, 3.00, 0.00000643, 0.00000591
trial0018149, GDX, 1112.5, 38, 29.28, 1.34, 0.00037053, 0.00000360, ZIP, 194.5, 2, 97.25, 2.50, 0.00000680, 0.00000464
trial0018150, GDX, 1557.5, 38, 40.99, 2.18, 0.00036845, 0.00000378, ZIP, 262.5, 2, 131.25, 4.50, 0.00000685, 0.00000535
trial0018151, GDX, 1642.0, 38, 43.21, 2.16, 0.00035596, 0.00000384, ZIP, 360.0, 2, 180.00, 7.00, 0.00000648, 0.00000641
trial0018152, GDX, 1906.5, 38, 50.17, 2.39, 0.00042586, 0.00000386, ZIP, 112.5, 2, 56.25, 1.50, 0.00000691, 0.00000634
trial0018153, GDX, 2615.5, 38, 68.83, 3.53, 0.00034795, 0.00000385, ZIP, 226.5, 2, 113.25, 5.00, 0.00000672, 0.00000641
trial0018154, GDX, 2628.0, 38, 69.16, 3.39, 0.00034487, 0.00000371, ZIP, 187.0, 2, 93.50, 3.50, 0.00000640, 0.00000606
trial0018155, GDX, 2129.0, 38, 56.03, 2.68, 0.00037413, 0.00000383, ZIP, 154.0, 2, 77.00, 3.00, 0.00000673, 0.00000625
trial0018156, GDX, 1386.5, 38, 36.49, 1.89, 0.00039159, 0.00000394, ZIP, 113.5, 2, 56.75, 3.00, 0.00000633, 0.00000611
trial0018157, GDX, 1586.25, 38, 41.74, 2.13, 0.00036019, 0.00000387, ZIP, 187.75, 2, 93.88, 3.50, 0.00000633, 0.00000629
trial0018158, GDX, 1370.0, 38, 36.05, 1.87, 0.00036486, 0.00000365, ZIP, 111.0, 2, 55.50, 1.50, 0.00000698, 0.00000507
trial0018159, GDX, 2161.0, 38, 56.87, 2.82, 0.00035721, 0.00000384, ZIP, 80.0, 2, 40.00, 1.50, 0.00000682, 0.00000603
trial0018160, GDX, 2130.5, 38, 56.07, 2.53, 0.00036639, 0.00000377, ZIP, 346.5, 2, 173.25, 6.00, 0.00000684, 0.00000597
trial0018161, GDX, 2020.5, 38, 53.17, 2.37, 0.00035597, 0.00000382, ZIP, 333.5, 2, 166.75, 5.00, 0.00000645, 0.00000698
trial0018162, GDX, 2339.5, 38, 61.57, 2.82, 0.00034272, 0.00000385, ZIP, 295.5, 2, 147.75, 5.50, 0.00000654, 0.00000586
trial0018163, GDX, 738.5, 38, 19.43, 0.82, 0.00036713, 0.00000362, ZIP, 155.5, 2, 77.75, 4.50, 0.00000676, 0.00000480
trial0018164, GDX, 3035.5, 38, 79.88, 3.82, 0.00037471, 0.00000377, ZIP, 94.5, 2, 47.25, 2.50, 0.00000662, 0.00000601
trial0018165, GDX, 2533.0, 38, 66.66, 3.21, 0.00034576, 0.00000374, ZIP, 302.0, 2, 151.00, 5.00, 0.00000650, 0.00000598
trial0018166, GDX, 1944.5, 38, 51.17, 2.26, 0.00037038, 0.00000399, ZIP, 264.5, 2, 132.25, 7.00, 0.00000667, 0.00000666
trial0018167, GDX, 1580.5, 38, 41.59, 1.89, 0.00040292, 0.00000366, ZIP, 160.5, 2, 80.25, 3.00, 0.00000667, 0.00000514
trial0018168, GDX, 1272.5, 38, 33.49, 1.87, 0.00044870, 0.00000498, ZIP, 188.5, 2, 94.25, 2.50, 0.00000760, 0.00000723
trial0018169, GDX, 1177.5, 38, 30.99, 1.53, 0.00048242, 0.00000535, ZIP, 81.5, 2, 40.75, 1.00, 0.00000782, 0.00000679
trial0018170, GDX, 1750.5, 38, 46.07, 2.45, 0.00038750, 0.00000424, ZIP, 314.5, 2, 157.25, 4.50, 0.00000733, 0.00000585
trial0018171, GDX, 1804.5, 38, 47.49, 2.29, 0.00033670, 0.00000371, ZIP, 216.5, 2, 108.25, 4.50, 0.00000672, 0.00000624
trial0018172, GDX, 4336.0, 38, 114.11, 5.71, 0.00030651, 0.00000368, ZIP, 207.0, 2, 103.50, 4.50, 0.00000682, 0.00000654
trial0018173, GDX, 2696.5, 38, 70.96, 3.63, 0.00034328, 0.00000419, ZIP, 112.5, 2, 56.25, 3.00, 0.00000682, 0.00000768
trial0018174, GDX, 3312.0, 38, 87.16, 4.53, 0.00034443, 0.00000378, ZIP, 156.0, 2, 78.00, 3.00, 0.00000687, 0.00000677
trial0018175, GDX, 3024.5, 38, 79.59, 3.89, 0.00031152, 0.00000379, ZIP, 242.5, 2, 121.25, 6.00, 0.00000702, 0.00000618
trial0018176, GDX, 925.5, 38, 24.36, 1.26, 0.00040243, 0.00000375, ZIP, 254.5, 2, 127.25, 5.00, 0.00000653, 0.00000544
trial0018177, GDX, 2514.75, 38, 66.18, 3.32, 0.00032068, 0.00000364, ZIP, 163.25, 2, 81.62, 3.00, 0.00000651, 0.00000583
trial0018178, GDX, 2135.5, 38, 56.20, 2.53, 0.00036964, 0.00000371, ZIP, 68.5, 2, 34.25, 1.00, 0.00000665, 0.00000565
trial0018179, GDX, 1845.0, 38, 48.55, 2.68, 0.00036628, 0.00000380, ZIP, 259.0, 2, 129.50, 4.00, 0.00000679, 0.00000593
trial0018180, GDX, 3492.0, 38, 91.89, 3.97, 0.00036671, 0.00000385, ZIP, 123.0, 2, 61.50, 2.50, 0.00000689, 0.00000658
trial0018181, GDX, 2900.0, 38, 76.32, 3.87, 0.00034898, 0.00000404, ZIP, 218.0, 2, 109.00, 5.50, 0.00000697, 0.00000667
trial0018182, GDX, 3591.5, 38, 94.51, 5.21, 0.00031135, 0.00000375, ZIP, 270.5, 2, 135.25, 6.00, 0.00000646, 0.00000601
trial0018183, GDX, 2214.0, 38, 58.26, 2.79, 0.00037562, 0.00000380, ZIP, 271.0, 2, 135.50, 5.00, 0.00000681, 0.00000602
trial0018184, GDX, 2539.0, 38, 66.82, 2.92, 0.00036744, 0.00000370, ZIP, 240.0, 2, 120.00, 4.50, 0.00000674, 0.00000606
trial0018185, GDX, 2723.0, 38, 71.66, 3.37, 0.00035339, 0.00000382, ZIP, 258.0, 2, 129.00, 5.00, 0.00000667, 0.00000627
trial0018186, GDX, 1661.25, 38, 43.72, 2.16, 0.00039283, 0.00000394, ZIP, 168.75, 2, 84.38, 4.00, 0.00000674, 0.00000642
trial0018187, GDX, 1203.25, 38, 31.66, 1.42, 0.00035434, 0.00000391, ZIP, 198.75, 2, 99.38, 3.00, 0.00000642, 0.00000876
trial0018188, GDX, 828.0, 38, 21.79, 1.21, 0.00039808, 0.00000371, ZIP, 209.0, 2, 104.50, 2.00, 0.00000672, 0.00000530
trial0018189, GDX, 1251.0, 38, 32.92, 1.24, 0.00035711, 0.00000392, ZIP, 187.0, 2, 93.50, 4.50, 0.00000647, 0.00000628
trial0018190, GDX, 2004.0, 38, 52.74, 2.47, 0.00037567, 0.00000403, ZIP, 274.0, 2, 137.00, 5.00, 0.00000659, 0.00000663
trial0018191, GDX, 1445.0, 38, 38.03, 1.79, 0.00035250, 0.00000406, ZIP, 308.0, 2, 154.00, 5.00, 0.00000665, 0.00000680
trial0018192, GDX, 3377.5, 38, 88.88, 4.18, 0.00033140, 0.00000358, ZIP, 159.5, 2, 79.75, 3.50, 0.00000667, 0.00000552
trial0018193, GDX, 1801.5, 38, 47.41, 1.89, 0.00037504, 0.00000378, ZIP, 239.5, 2, 119.75, 5.00, 0.00000663, 0.00000566
trial0018194, GDX, 2212.0, 38, 58.21, 2.71, 0.00038017, 0.00000378, ZIP, 294.0, 2, 147.00, 5.50, 0.00000650, 0.00000575
trial0018195, GDX, 2954.25, 38, 77.74, 3.66, 0.00032357, 0.00000392, ZIP, 294.75, 2, 147.38, 6.50, 0.00000668, 0.00000609
trial0018196, GDX, 1520.5, 38, 40.01, 1.74, 0.00035338, 0.00000396, ZIP, 356.5, 2, 178.25, 6.00, 0.00000651, 0.00000597
trial0018197, GDX, 1521.5, 38, 40.04, 1.79, 0.00041689, 0.00000388, ZIP, 140.5, 2, 70.25, 2.00, 0.00000674, 0.00000595
trial0018198, GDX, 3290.0, 38, 86.58, 4.05, 0.00036145, 0.00000389, ZIP, 243.0, 2, 121.50, 5.00, 0.00000680, 0.00000659
trial0018199, GDX, 3664.5, 38, 96.43, 4.61, 0.00034693, 0.00000402, ZIP, 123.5, 2, 61.75, 2.50, 0.00000671, 0.00000720
trial0018200, GDX, 1613.0, 38, 42.45, 2.24, 0.00038859, 0.00000381, ZIP, 142.0, 2, 71.00, 4.50, 0.00000682, 0.00000585
trial0018201, GDX, 1019.0, 38, 26.82, 1.87, 0.00050057, 0.00000463, ZIP, 118.0, 2, 59.00, 1.50, 0.00000762, 0.00000638
trial0018202, GDX, 2255.0, 38, 59.34, 3.82, 0.00037484, 0.00000470, ZIP, 138.0, 2, 69.00, 3.50, 0.00000684, 0.00000627
trial0018203, GDX, 1194.75, 38, 31.44, 1.76, 0.00039259, 0.00000410, ZIP, 147.25, 2, 73.62, 3.50, 0.00000681, 0.00000622
trial0018204, GDX, 2855.0, 38, 75.13, 5.00, 0.00039561, 0.00000413, ZIP, 86.0, 2, 43.00, 2.00, 0.00000689, 0.00000707
trial0018205, GDX, 1731.5, 38, 45.57, 2.61, 0.00040704, 0.00000420, ZIP, 199.5, 2, 99.75, 3.50, 0.00000678, 0.00000696
trial0018206, GDX, 1307.75, 38, 34.41, 2.13, 0.00038687, 0.00000377, ZIP, 170.25, 2, 85.12, 3.50, 0.00000721, 0.00000565
trial0018207, GDX, 1485.5, 38, 39.09, 2.61, 0.00040002, 0.00000386, ZIP, 185.5, 2, 92.75, 3.50, 0.00000686, 0.00000545
trial0018208, GDX, 1843.5, 38, 48.51, 3.11, 0.00037759, 0.00000363, ZIP, 165.5, 2, 82.75, 5.00, 0.00000687, 0.00000579
trial0018209, GDX, 585.0, 38, 15.39, 1.05, 0.00041361, 0.00000384, ZIP, 175.0, 2, 87.50, 4.00, 0.00000663, 0.00000557
trial0018210, GDX, 1204.0, 38, 31.68, 2.13, 0.00043531, 0.00000412, ZIP, 115.0, 2, 57.50, 2.50, 0.00000678, 0.00000735
trial0018211, GDX, 1285.0, 38, 33.82, 2.42, 0.00039314, 0.00000389, ZIP, 113.0, 2, 56.50, 4.00, 0.00000682, 0.00000570
trial0018212, GDX, 1155.5, 38, 30.41, 2.08, 0.00039840, 0.00000382, ZIP, 133.5, 2, 66.75, 4.50, 0.00000664, 0.00000581
trial0018213, GDX, 930.25, 38, 24.48, 1.55, 0.00039365, 0.00000372, ZIP, 238.75, 2, 119.38, 5.50, 0.00000675, 0.00000506
trial0018214, GDX, 2277.0, 38, 59.92, 4.32, 0.00036920, 0.00000375, ZIP, 148.0, 2, 74.00, 3.00, 0.00000653, 0.00000614
trial0018215, GDX, 558.0, 38, 14.68, 1.11, 0.00039017, 0.00000365, ZIP, 159.0, 2, 79.50, 3.00, 0.00000665, 0.00000482
trial0018216, GDX, 1229.5, 38, 32.36, 2.18, 0.00041427, 0.00000380, ZIP, 123.5, 2, 61.75, 3.50, 0.00000681, 0.00000524
trial0018217, GDX, 2304.5, 38, 60.64, 3.79, 0.00035201, 0.00000376, ZIP, 131.5, 2, 65.75, 4.00, 0.00000639, 0.00000616
trial0018218, GDX, 1597.0, 38, 42.03, 2.89, 0.00037315, 0.00000366, ZIP, 183.0, 2, 91.50, 3.00, 0.00000651, 0.00000515
trial0018219, GDX, 2101.25, 38, 55.30, 3.55, 0.00035509, 0.00000379, ZIP, 141.75, 2, 70.88, 2.50, 0.00000664, 0.00000658
trial0018220, GDX, 1665.5, 38, 43.83, 2.68, 0.00039919, 0.00000411, ZIP, 157.5, 2, 78.75, 4.00, 0.00000670, 0.00000669
trial0018221, GDX, 1667.5, 38, 43.88, 2.58, 0.00037293, 0.00000353, ZIP, 81.5, 2, 40.75, 2.00, 0.00000692, 0.00000541
trial0018222, GDX, 2325.5, 38, 61.20, 4.03, 0.00038184, 0.00000391, ZIP, 64.5, 2, 32.25, 1.50, 0.00000645, 0.00000715
trial0018223, GDX, 695.5, 38, 18.30, 1.00, 0.00042640, 0.00000393, ZIP, 38.5, 2, 19.25, 1.00, 0.00000710, 0.00000628
trial0018224, GDX, 359.0, 38, 9.45, 0.76, 0.00044856, 0.00000389, ZIP, 116.0, 2, 58.00, 1.50, 0.00000676, 0.00000517
trial0018225, GDX, 1572.5, 38, 41.38, 2.58, 0.00044592, 0.00000393, ZIP, 35.5, 2, 17.75, 2.00, 0.00000732, 0.00000639
trial0018226, GDX, 1314.0, 38, 34.58, 2.18, 0.00053609, 0.00000412, ZIP, 224.0, 2, 112.00, 4.50, 0.00000807, 0.00000569
trial0018227, GDX, 905.25, 38, 23.82, 1.63, 0.00090536, 0.00000674, ZIP, 93.75, 2, 46.88, 2.00, 0.00003846, 0.00000631
trial0018228, GDX, 1038.5, 38, 27.33, 1.63, 0.00039136, 0.00000437, ZIP, 219.5, 2, 109.75, 6.00, 0.00000681, 0.00000679
trial0018229, GDX, 866.0, 38, 22.79, 1.47, 0.00041349, 0.00000396, ZIP, 120.0, 2, 60.00, 2.00, 0.00000700, 0.00000583
trial0018230, GDX, 1961.0, 38, 51.61, 3.45, 0.00038190, 0.00000369, ZIP, 61.0, 2, 30.50, 1.50, 0.00000680, 0.00000597
trial0018231, GDX, 1136.0, 38, 29.89, 2.08, 0.00038922, 0.00000385, ZIP, 17.0, 2, 8.50, 0.50, 0.00000664, 0.00000549
trial0018232, GDX, 1607.0, 38, 42.29, 2.61, 0.00037678, 0.00000361, ZIP, 106.0, 2, 53.00, 3.50, 0.00000664, 0.00000570
trial0018233, GDX, 2002.5, 38, 52.70, 3.68, 0.00036183, 0.00000387, ZIP, 139.5, 2, 69.75, 4.00, 0.00000678, 0.00000650
trial0018234, GDX, 1398.5, 38, 36.80, 2.42, 0.00036524, 0.00000373, ZIP, 203.5, 2, 101.75, 5.00, 0.00000637, 0.00000549
trial0018235, GDX, 827.5, 38, 21.78, 1.37, 0.00043551, 0.00000389, ZIP, 248.5, 2, 124.25, 4.00, 0.00000673, 0.00000591
trial0018236, GDX, 1454.0, 38, 38.26, 2.66, 0.00038394, 0.00000413, ZIP, 169.0, 2, 84.50, 3.50, 0.00000657, 0.00000703
trial0018237, GDX, 2183.5, 38, 57.46, 3.63, 0.00035776, 0.00000381, ZIP, 85.5, 2, 42.75, 2.00, 0.00000667, 0.00000654
trial0018238, GDX, 2193.5, 38, 57.72, 3.55, 0.00035406, 0.00000385, ZIP, 122.5, 2, 61.25, 3.50, 0.00000645, 0.00000661
trial0018239, GDX, 1428.0, 38, 37.58, 2.21, 0.00040865, 0.00000397, ZIP, 243.0, 2, 121.50, 5.00, 0.00000689, 0.00000609
trial0018240, GDX, 2285.5, 38, 60.14, 3.66, 0.00038515, 0.00000375, ZIP, 130.5, 2, 65.25, 2.50, 0.00000669, 0.00000543
trial0018241, GDX, 1225.0, 38, 32.24, 2.05, 0.00042033, 0.00000372, ZIP, 173.0, 2, 86.50, 3.00, 0.00000678, 0.00000568
trial0018242, GDX, 1008.0, 38, 26.53, 1.89, 0.00041850, 0.00000376, ZIP, 49.0, 2, 24.50, 1.00, 0.00000660, 0.00000536
trial0018243, GDX, 1650.0, 38, 43.42, 2.76, 0.00039304, 0.00000390, ZIP, 250.0, 2, 125.00, 5.50, 0.00000684, 0.00000575
trial0018244, GDX, 1289.5, 38, 33.93, 2.26, 0.00040637, 0.00000405, ZIP, 107.5, 2, 53.75, 3.00, 0.00000661, 0.00000687
trial0018245, GDX, 780.5, 38, 20.54, 1.18, 0.00037862, 0.00000402, ZIP, 273.5, 2, 136.75, 5.50, 0.00000639, 0.00000591
trial0018246, GDX, 1948.25, 38, 51.27, 3.47, 0.00034268, 0.00000372, ZIP, 180.75, 2, 90.38, 5.00, 0.00000648, 0.00000615
trial0018247, GDX, 1077.5, 38, 28.36, 1.68, 0.00042682, 0.00000391, ZIP, 58.5, 2, 29.25, 1.00, 0.00000657, 0.00000531
trial0018248, GDX, 1548.5, 38, 40.75, 2.71, 0.00039022, 0.00000382, ZIP, 106.5, 2, 53.25, 2.50, 0.00000650, 0.00000580
trial0018249, GDX, 793.75, 38, 20.89, 1.55, 0.00036467, 0.00000379, ZIP, 257.25, 2, 128.62, 4.50, 0.00000709, 0.00000576
trial0018250, GDX, 1176.5, 38, 30.96, 1.79, 0.00037857, 0.00000392, ZIP, 174.5, 2, 87.25, 4.00, 0.00000652, 0.00000590
trial0018251, GDX, 1021.0, 38, 26.87, 1.79, 0.00039423, 0.00000393, ZIP, 18.0, 2, 9.00, 1.00, 0.00000662, 0.00000673
trial0018252, GDX, 895.5, 38, 23.57, 1.45, 0.00042162, 0.00000371, ZIP, 129.5, 2, 64.75, 2.50, 0.00000669, 0.00000562
trial0018253, GDX, 1374.5, 38, 36.17, 2.47, 0.00042281, 0.00000388, ZIP, 84.5, 2, 42.25, 3.00, 0.00000663, 0.00000663
trial0018254, GDX, 1319.25, 38, 34.72, 2.18, 0.00039948, 0.00000368, ZIP, 140.75, 2, 70.38, 3.50, 0.00000653, 0.00000551
trial0018255, GDX, 663.0, 38, 17.45, 1.21, 0.00038099, 0.00000400, ZIP, 102.0, 2, 51.00, 5.00, 0.00000679, 0.00000569
trial0018256, GDX, 2799.5, 38, 73.67, 4.97, 0.00036225, 0.00000402, ZIP, 76.5, 2, 38.25, 3.50, 0.00000637, 0.00000687
trial0018257, GDX, 740.0, 38, 19.47, 1.24, 0.00046557, 0.00000385, ZIP, 13.0, 2, 6.50, 0.50, 0.00000674, 0.00000553
trial0018258, GDX, 922.5, 38, 24.28, 1.58, 0.00043405, 0.00000368, ZIP, 127.5, 2, 63.75, 2.00, 0.00000674, 0.00000522
trial0018259, GDX, 1071.0, 38, 28.18, 1.71, 0.00043431, 0.00000358, ZIP, 8.0, 2, 4.00, 0.50, 0.00000681, 0.00000485
trial0018260, GDX, 2069.5, 38, 54.46, 3.55, 0.00037694, 0.00000367, ZIP, 180.5, 2, 90.25, 4.50, 0.00000672, 0.00000552
trial0018261, GDX, 1753.0, 38, 46.13, 3.13, 0.00037491, 0.00000375, ZIP, 199.0, 2, 99.50, 3.50, 0.00000662, 0.00000599
trial0018262, GDX, 1007.0, 38, 26.50, 1.58, 0.00038400, 0.00000357, ZIP, 77.0, 2, 38.50, 1.00, 0.00000693, 0.00000478
trial0018263, GDX, 2102.0, 38, 55.32, 3.82, 0.00036767, 0.00000372, ZIP, 110.0, 2, 55.00, 2.50, 0.00000635, 0.00000633
trial0018264, GDX, 2574.0, 38, 67.74, 4.26, 0.00035487, 0.00000390, ZIP, 136.0, 2, 68.00, 5.00, 0.00000645, 0.00000647
trial0018265, GDX, 1261.5, 38, 33.20, 2.18, 0.00041427, 0.00000408, ZIP, 136.5, 2, 68.25, 2.50, 0.00000676, 0.00000675
trial0018266, GDX, 2424.5, 38, 63.80, 4.37, 0.00036660, 0.00000400, ZIP, 166.5, 2, 83.25, 5.00, 0.00000655, 0.00000686
trial0018267, GDX, 1018.5, 38, 26.80, 1.79, 0.00042858, 0.00000387, ZIP, 203.5, 2, 101.75, 3.00, 0.00000672, 0.00000567
trial0018268, GDX, 2010.5, 38, 52.91, 3.55, 0.00035030, 0.00000393, ZIP, 187.5, 2, 93.75, 5.50, 0.00000654, 0.00000658
trial0018269, GDX, 1808.5, 38, 47.59, 3.08, 0.00041070, 0.00000388, ZIP, 154.5, 2, 77.25, 2.50, 0.00000671, 0.00000621
trial0018270, GDX, 966.0, 38, 25.42, 1.68, 0.00043171, 0.00000387, ZIP, 74.0, 2, 37.00, 1.00, 0.00000674, 0.00000519
trial0018271, GDX, 1240.5, 38, 32.64, 2.21, 0.00041855, 0.00000373, ZIP, 66.5, 2, 33.25, 2.00, 0.00000661, 0.00000533
trial0018272, GDX, 526.5, 38, 13.86, 0.84, 0.00041696, 0.00000381, ZIP, 187.5, 2, 93.75, 3.00, 0.00000696, 0.00000502
trial0018273, GDX, 1464.0, 38, 38.53, 2.42, 0.00037687, 0.00000367, ZIP, 92.0, 2, 46.00, 3.00, 0.00000677, 0.00000527
trial0018274, GDX, 918.0, 38, 24.16, 1.74, 0.00043426, 0.00000385, ZIP, 168.0, 2, 84.00, 3.00, 0.00000689, 0.00000575
trial0018275, GDX, 1591.0, 38, 41.87, 2.74, 0.00038132, 0.00000407, ZIP, 203.0, 2, 101.50, 5.00, 0.00000677, 0.00000609
trial0018276, GDX, 1523.0, 38, 40.08, 2.42, 0.00039272, 0.00000391, ZIP, 135.0, 2, 67.50, 2.00, 0.00000651, 0.00000599
trial0018277, GDX, 679.5, 38, 17.88, 1.29, 0.00044379, 0.00000386, ZIP, 92.5, 2, 46.25, 1.50, 0.00000671, 0.00000529
trial0018278, GDX, 2249.0, 38, 59.18, 3.58, 0.00040387, 0.00000413, ZIP, 111.0, 2, 55.50, 2.00, 0.00000671, 0.00000905
trial0018279, GDX, 2006.0, 38, 52.79, 2.84, 0.00038441, 0.00000391, ZIP, 151.0, 2, 75.50, 4.00, 0.00000693, 0.00000619
trial0018280, GDX, 2407.5, 38, 63.36, 3.95, 0.00044731, 0.00000412, ZIP, 210.5, 2, 105.25, 5.00, 0.00000637, 0.00000664
trial0018281, GDX, 1500.0, 38, 39.47, 2.66, 0.00040564, 0.00000386, ZIP, 104.0, 2, 52.00, 2.50, 0.00000672, 0.00000611
trial0018282, GDX, 2071.0, 38, 54.50, 2.97, 0.00038924, 0.00000383, ZIP, 257.0, 2, 128.50, 6.50, 0.00000634, 0.00000628
trial0018283, GDX, 1488.0, 38, 39.16, 2.34, 0.00039689, 0.00000413, ZIP, 139.0, 2, 69.50, 3.50, 0.00000695, 0.00000662
trial0018284, GDX, 1739.0, 38, 45.76, 2.92, 0.00041943, 0.00000398, ZIP, 18.0, 2, 9.00, 0.50, 0.00000694, 0.00000619
trial0018285, GDX, 2104.5, 38, 55.38, 3.26, 0.00037943, 0.00000409, ZIP, 77.5, 2, 38.75, 2.00, 0.00000702, 0.00000683
trial0018286, GDX, 2343.5, 38, 61.67, 4.16, 0.00045857, 0.00000484, ZIP, 31.5, 2, 15.75, 1.00, 0.00000692, 0.00000714
trial0018287, GDX, 1274.5, 38, 33.54, 2.16, 0.00041801, 0.00000417, ZIP, 119.5, 2, 59.75, 2.00, 0.00000665, 0.00000621
trial0018288, GDX, 589.5, 38, 15.51, 1.05, 0.00045513, 0.00000393, ZIP, 168.5, 2, 84.25, 3.00, 0.00000673, 0.00000570
trial0018289, GDX, 1476.5, 38, 38.86, 2.63, 0.00038623, 0.00000382, ZIP, 65.5, 2, 32.75, 3.00, 0.00000650, 0.00000577
trial0018290, GDX, 1711.0, 38, 45.03, 2.92, 0.00041706, 0.00000385, ZIP, 31.0, 2, 15.50, 0.50, 0.00000688, 0.00000561
trial0018291, GDX, 1005.5, 38, 26.46, 1.71, 0.00042058, 0.00000378, ZIP, 62.5, 2, 31.25, 1.50, 0.00000691, 0.00000538
trial0018292, GDX, 2537.5, 38, 66.78, 4.68, 0.00034609, 0.00000398, ZIP, 93.5, 2, 46.75, 2.00, 0.00000656, 0.00000736
trial0018293, GDX, 1020.0, 38, 26.84, 1.68, 0.00041602, 0.00000364, ZIP, 0.0, 2, 0.00, 0.00, 0.00000657, 0.00000456
trial0018294, GDX, 2251.0, 38, 59.24, 3.66, 0.00035320, 0.00000451, ZIP, 189.0, 2, 94.50, 4.50, 0.00000662, 0.00000597
trial0018295, GDX, 1474.5, 38, 38.80, 2.21, 0.00039281, 0.00000359, ZIP, 94.5, 2, 47.25, 2.00, 0.00000672, 0.00000472
trial0018296, GDX, 2104.5, 38, 55.38, 3.68, 0.00036402, 0.00000360, ZIP, 118.5, 2, 59.25, 3.00, 0.00000700, 0.00000548
trial0018297, GDX, 2174.5, 38, 57.22, 3.42, 0.00036154, 0.00000357, ZIP, 244.5, 2, 122.25, 5.00, 0.00000717, 0.00000568
trial0018298, GDX, 2585.5, 38, 68.04, 4.13, 0.00039689, 0.00000393, ZIP, 174.5, 2, 87.25, 3.50, 0.00000671, 0.00000653
trial0018299, GDX, 1918.0, 38, 50.47, 3.50, 0.00041143, 0.00000408, ZIP, 122.0, 2, 61.00, 2.50, 0.00000642, 0.00000625
trial0018300, GDX, 1506.0, 38, 39.63, 2.18, 0.00041150, 0.00000359, ZIP, 84.0, 2, 42.00, 1.50, 0.00000651, 0.00000514
trial0018301, GDX, 4976.25, 38, 130.95, 3.66, 0.00029353, 0.00000371, ZIP, 428.75, 2, 214.38, 6.50, 0.00000675, 0.00000613
trial0018302, GDX, 5905.0, 38, 155.39, 3.74, 0.00031757, 0.00000368, ZIP, 461.0, 2, 230.50, 6.00, 0.00000664, 0.00000590
trial0018303, GDX, 2879.0, 38, 75.76, 2.05, 0.00033465, 0.00000395, ZIP, 504.0, 2, 252.00, 6.00, 0.00000668, 0.00000626
trial0018304, GDX, 4949.5, 38, 130.25, 3.71, 0.00031860, 0.00000382, ZIP, 473.5, 2, 236.75, 5.50, 0.00000634, 0.00000600
trial0018305, GDX, 4735.0, 38, 124.61, 3.34, 0.00031866, 0.00000380, ZIP, 436.0, 2, 218.00, 4.50, 0.00000652, 0.00000612
trial0018306, GDX, 5225.5, 38, 137.51, 3.87, 0.00032414, 0.00000373, ZIP, 287.5, 2, 143.75, 3.50, 0.00000705, 0.00000624
trial0018307, GDX, 2490.5, 38, 65.54, 1.71, 0.00030487, 0.00000377, ZIP, 533.5, 2, 266.75, 5.50, 0.00000661, 0.00000599
trial0018308, GDX, 5049.5, 38, 132.88, 3.53, 0.00029893, 0.00000382, ZIP, 492.5, 2, 246.25, 6.00, 0.00000653, 0.00000675
trial0018309, GDX, 3651.5, 38, 96.09, 2.76, 0.00033100, 0.00000375, ZIP, 111.5, 2, 55.75, 1.50, 0.00000658, 0.00000614
trial0018310, GDX, 5305.0, 38, 139.61, 3.87, 0.00033620, 0.00000387, ZIP, 354.0, 2, 177.00, 4.50, 0.00000652, 0.00000657
trial0018311, GDX, 2564.5, 38, 67.49, 1.66, 0.00032657, 0.00000396, ZIP, 384.5, 2, 192.25, 5.50, 0.00000659, 0.00000650
trial0018312, GDX, 5023.5, 38, 132.20, 3.61, 0.00031306, 0.00000387, ZIP, 390.5, 2, 195.25, 6.50, 0.00000658, 0.00000652
trial0018313, GDX, 3072.0, 38, 80.84, 2.39, 0.00033639, 0.00000389, ZIP, 491.0, 2, 245.50, 5.50, 0.00000688, 0.00000603
trial0018314, GDX, 2667.5, 38, 70.20, 1.61, 0.00032782, 0.00000399, ZIP, 601.5, 2, 300.75, 6.50, 0.00000630, 0.00000666
trial0018315, GDX, 5031.5, 38, 132.41, 3.66, 0.00030018, 0.00000376, ZIP, 298.5, 2, 149.25, 4.50, 0.00000663, 0.00000608
trial0018316, GDX, 3888.0, 38, 102.32, 2.79, 0.00032365, 0.00000360, ZIP, 389.0, 2, 194.50, 5.00, 0.00000677, 0.00000511
trial0018317, GDX, 7925.0, 38, 208.55, 5.26, 0.00031478, 0.00000376, ZIP, 449.0, 2, 224.50, 6.00, 0.00000649, 0.00000675
trial0018318, GDX, 5880.0, 38, 154.74, 4.21, 0.00029648, 0.00000365, ZIP, 365.0, 2, 182.50, 4.00, 0.00000642, 0.00000582
trial0018319, GDX, 4047.5, 38, 106.51, 3.13, 0.00030884, 0.00000373, ZIP, 526.5, 2, 263.25, 5.50, 0.00000662, 0.00000567
trial0018320, GDX, 3911.5, 38, 102.93, 2.55, 0.00031012, 0.00000397, ZIP, 429.5, 2, 214.75, 5.50, 0.00000658, 0.00000636
trial0018321, GDX, 1367.0, 38, 35.97, 1.11, 0.00031259, 0.00000384, ZIP, 829.0, 2, 414.50, 6.00, 0.00000655, 0.00000591
trial0018322, GDX, 4903.5, 38, 129.04, 3.37, 0.00032072, 0.00000387, ZIP, 336.5, 2, 168.25, 5.00, 0.00000658, 0.00000656
trial0018323, GDX, 2306.5, 38, 60.70, 1.53, 0.00033297, 0.00000377, ZIP, 355.5, 2, 177.75, 5.00, 0.00000655, 0.00000567
trial0018324, GDX, 5323.5, 38, 140.09, 3.50, 0.00032598, 0.00000392, ZIP, 536.5, 2, 268.25, 6.50, 0.00000638, 0.00000632
trial0018325, GDX, 1835.0, 38, 48.29, 1.21, 0.00035272, 0.00000366, ZIP, 340.0, 2, 170.00, 4.00, 0.00000659, 0.00000524
trial0018326, GDX, 6513.5, 38, 171.41, 4.45, 0.00031632, 0.00000376, ZIP, 410.5, 2, 205.25, 4.50, 0.00000662, 0.00000569
trial0018327, GDX, 4042.0, 38, 106.37, 2.89, 0.00031211, 0.00000387, ZIP, 314.0, 2, 157.00, 5.00, 0.00000693, 0.00000610
trial0018328, GDX, 4105.5, 38, 108.04, 2.68, 0.00033143, 0.00000395, ZIP, 338.5, 2, 169.25, 4.00, 0.00000637, 0.00000696
trial0018329, GDX, 4611.5, 38, 121.36, 3.50, 0.00032886, 0.00000374, ZIP, 507.5, 2, 253.75, 5.50, 0.00000658, 0.00000584
trial0018330, GDX, 2185.0, 38, 57.50, 1.55, 0.00031673, 0.00000379, ZIP, 609.0, 2, 304.50, 6.50, 0.00000700, 0.00000554
trial0018331, GDX, 4623.75, 38, 121.68, 3.37, 0.00031578, 0.00000361, ZIP, 483.25, 2, 241.62, 4.00, 0.00000670, 0.00000591
trial0018332, GDX, 849.5, 38, 22.36, 0.68, 0.00030161, 0.00000374, ZIP, 284.5, 2, 142.25, 5.00, 0.00000671, 0.00000589
trial0018333, GDX, 5491.25, 38, 144.51, 3.50, 0.00031100, 0.00000387, ZIP, 382.75, 2, 191.38, 3.50, 0.00000694, 0.00000597
trial0018334, GDX, 2140.0, 38, 56.32, 1.58, 0.00034957, 0.00000360, ZIP, 412.0, 2, 206.00, 5.00, 0.00000675, 0.00000594
trial0018335, GDX, 2984.5, 38, 78.54, 2.26, 0.00035252, 0.00000379, ZIP, 330.5, 2, 165.25, 6.00, 0.00000658, 0.00000609
trial0018336, GDX, 5664.0, 38, 149.05, 4.42, 0.00029839, 0.00000383, ZIP, 646.0, 2, 323.00, 6.00, 0.00000681, 0.00000663
trial0018337, GDX, 4478.5, 38, 117.86, 3.08, 0.00032917, 0.00000381, ZIP, 263.5, 2, 131.75, 3.50, 0.00000644, 0.00000599
trial0018338, GDX, 6521.0, 38, 171.61, 4.68, 0.00031076, 0.00000403, ZIP, 412.0, 2, 206.00, 5.00, 0.00000634, 0.00000671
trial0018339, GDX, 2804.5, 38, 73.80, 2.05, 0.00033697, 0.00000390, ZIP, 737.5, 2, 368.75, 7.00, 0.00000681, 0.00000607
trial0018340, GDX, 3468.0, 38, 91.26, 2.37, 0.00033979, 0.00000398, ZIP, 284.0, 2, 142.00, 4.00, 0.00000644, 0.00000668
trial0018341, GDX, 3833.0, 38, 100.87, 2.42, 0.00032156, 0.00000388, ZIP, 496.0, 2, 248.00, 6.00, 0.00000632, 0.00000616
trial0018342, GDX, 2546.25, 38, 67.01, 1.55, 0.00030339, 0.00000384, ZIP, 489.75, 2, 244.88, 5.50, 0.00008304, 0.00000584
trial0018343, GDX, 6134.0, 38, 161.42, 4.26, 0.00032303, 0.00000385, ZIP, 329.0, 2, 164.50, 5.00, 0.00000692, 0.00000659
trial0018344, GDX, 3782.0, 38, 99.53, 2.50, 0.00035242, 0.00000384, ZIP, 308.0, 2, 154.00, 3.50, 0.00000682, 0.00000581
trial0018345, GDX, 3375.0, 38, 88.82, 2.58, 0.00032648, 0.00000394, ZIP, 365.0, 2, 182.50, 4.00, 0.00000668, 0.00000648
trial0018346, GDX, 1950.0, 38, 51.32, 1.16, 0.00032341, 0.00000393, ZIP, 286.0, 2, 143.00, 6.00, 0.00000663, 0.00000627
trial0018347, GDX, 3789.5, 38, 99.72, 2.74, 0.00032348, 0.00000371, ZIP, 392.5, 2, 196.25, 4.00, 0.00000675, 0.00000590
trial0018348, GDX, 3169.0, 38, 83.39, 2.45, 0.00033881, 0.00000360, ZIP, 334.0, 2, 167.00, 3.50, 0.00000653, 0.00000522
trial0018349, GDX, 4423.5, 38, 116.41, 3.26, 0.00032280, 0.00000378, ZIP, 401.5, 2, 200.75, 5.00, 0.00000632, 0.00000610
trial0018350, GDX, 3834.5, 38, 100.91, 2.61, 0.00032019, 0.00000385, ZIP, 321.5, 2, 160.75, 4.50, 0.00000662, 0.00000605
trial0018351, GDX, 4685.0, 38, 123.29, 3.47, 0.00032130, 0.00000379, ZIP, 691.0, 2, 345.50, 7.00, 0.00000647, 0.00000618
trial0018352, GDX, 3881.5, 38, 102.14, 2.68, 0.00030335, 0.00000369, ZIP, 473.5, 2, 236.75, 6.00, 0.00000646, 0.00000595
trial0018353, GDX, 3631.0, 38, 95.55, 2.82, 0.00031809, 0.00000377, ZIP, 463.0, 2, 231.50, 4.50, 0.00000659, 0.00000591
trial0018354, GDX, 5424.0, 38, 142.74, 3.76, 0.00032768, 0.00000378, ZIP, 399.0, 2, 199.50, 5.50, 0.00000652, 0.00000655
trial0018355, GDX, 673.0, 38, 17.71, 0.34, 0.00030061, 0.00000389, ZIP, 462.0, 2, 231.00, 7.50, 0.00000636, 0.00000551
trial0018356, GDX, 1435.0, 38, 37.76, 1.08, 0.00035068, 0.00000387, ZIP, 270.0, 2, 135.00, 5.50, 0.00000701, 0.00000610
trial0018357, GDX, 1644.0, 38, 43.26, 1.32, 0.00032223, 0.00000388, ZIP, 371.0, 2, 185.50, 6.00, 0.00000652, 0.00000577
trial0018358, GDX, 3298.0, 38, 86.79, 2.34, 0.00032274, 0.00000401, ZIP, 456.0, 2, 228.00, 6.50, 0.00000644, 0.00000628
trial0018359, GDX, 4310.0, 38, 113.42, 3.00, 0.00032482, 0.00000381, ZIP, 628.0, 2, 314.00, 6.00, 0.00000645, 0.00000599
trial0018360, GDX, 1751.5, 38, 46.09, 1.29, 0.00031298, 0.00000369, ZIP, 493.5, 2, 246.75, 4.50, 0.00000673, 0.00000547
trial0018361, GDX, 2788.0, 38, 73.37, 1.74, 0.00033708, 0.00000371, ZIP, 418.0, 2, 209.00, 5.00, 0.00000644, 0.00000495
trial0018362, GDX, 2677.25, 38, 70.45, 1.97, 0.00031233, 0.00000381, ZIP, 447.75, 2, 223.88, 4.50, 0.00000642, 0.00000588
trial0018363, GDX, 7229.5, 38, 190.25, 5.42, 0.00029231, 0.00000350, ZIP, 233.5, 2, 116.75, 3.00, 0.00000634, 0.00000597
trial0018364, GDX, 6129.5, 38, 161.30, 4.47, 0.00030762, 0.00000377, ZIP, 513.5, 2, 256.75, 6.00, 0.00000674, 0.00000611
trial0018365, GDX, 5844.5, 38, 153.80, 4.42, 0.00033873, 0.00000396, ZIP, 402.5, 2, 201.25, 5.00, 0.00000658, 0.00000705
trial0018366, GDX, 4885.5, 38, 128.57, 3.32, 0.00032660, 0.00000376, ZIP, 418.5, 2, 209.25, 4.00, 0.00000669, 0.00000592
trial0018367, GDX, 3161.5, 38, 83.20, 2.16, 0.00033018, 0.00000399, ZIP, 330.5, 2, 165.25, 6.00, 0.00000630, 0.00000675
trial0018368, GDX, 5523.5, 38, 145.36, 4.08, 0.00033124, 0.00000387, ZIP, 287.5, 2, 143.75, 3.50, 0.00000654, 0.00000619
trial0018369, GDX, 2538.5, 38, 66.80, 2.00, 0.00031421, 0.00000371, ZIP, 288.5, 2, 144.25, 5.00, 0.00000668, 0.00000593
trial0018370, GDX, 6626.0, 38, 174.37, 5.13, 0.00030680, 0.00000374, ZIP, 501.0, 2, 250.50, 6.50, 0.00000668, 0.00000636
trial0018371, GDX, 2955.5, 38, 77.78, 1.97, 0.00032960, 0.00000383, ZIP, 581.5, 2, 290.75, 5.50, 0.00000664, 0.00000607
trial0018372, GDX, 2153.5, 38, 56.67, 1.63, 0.00034699, 0.00000376, ZIP, 410.5, 2, 205.25, 6.00, 0.00000717, 0.00000562
trial0018373, GDX, 969.5, 38, 25.51, 0.76, 0.00032195, 0.00000389, ZIP, 386.5, 2, 193.25, 6.50, 0.00000649, 0.00000559
trial0018374, GDX, 1699.0, 38, 44.71, 1.05, 0.00031805, 0.00000386, ZIP, 500.0, 2, 250.00, 6.00, 0.00000657, 0.00000622
trial0018375, GDX, 4124.0, 38, 108.53, 3.11, 0.00032198, 0.00000379, ZIP, 434.0, 2, 217.00, 6.00, 0.00000709, 0.00000594
trial0018376, GDX, 3428.0, 38, 90.21, 2.50, 0.00033771, 0.00000391, ZIP, 442.0, 2, 221.00, 5.50, 0.00000646, 0.00000624
trial0018377, GDX, 3144.0, 38, 82.74, 2.34, 0.00031295, 0.00000379, ZIP, 483.0, 2, 241.50, 5.50, 0.00000654, 0.00000568
trial0018378, GDX, 2190.0, 38, 57.63, 1.61, 0.00033584, 0.00000371, ZIP, 453.0, 2, 226.50, 4.50, 0.00000674, 0.00000576
trial0018379, GDX, 4917.5, 38, 129.41, 3.39, 0.00031627, 0.00000363, ZIP, 356.5, 2, 178.25, 3.50, 0.00000643, 0.00000567
trial0018380, GDX, 3955.5, 38, 104.09, 2.42, 0.00032838, 0.00000397, ZIP, 779.5, 2, 389.75, 8.00, 0.00000651, 0.00000606
trial0018381, GDX, 3574.5, 38, 94.07, 2.66, 0.00034235, 0.00000358, ZIP, 414.5, 2, 207.25, 3.50, 0.00000651, 0.00000549
trial0018382, GDX, 2996.5, 38, 78.86, 2.26, 0.00032261, 0.00000402, ZIP, 277.5, 2, 138.75, 6.00, 0.00000638, 0.00000664
trial0018383, GDX, 4230.25, 38, 111.32, 2.61, 0.00031704, 0.00000413, ZIP, 361.75, 2, 180.88, 6.50, 0.00000635, 0.00000671
trial0018384, GDX, 3187.0, 38, 83.87, 2.34, 0.00030529, 0.00000354, ZIP, 370.0, 2, 185.00, 5.50, 0.00000646, 0.00000522
trial0018385, GDX, 3665.5, 38, 96.46, 2.61, 0.00030893, 0.00000394, ZIP, 224.5, 2, 112.25, 3.50, 0.00000676, 0.00000636
trial0018386, GDX, 6103.5, 38, 160.62, 4.37, 0.00031762, 0.00000384, ZIP, 532.5, 2, 266.25, 5.00, 0.00000640, 0.00000646
trial0018387, GDX, 3810.0, 38, 100.26, 2.76, 0.00033588, 0.00000393, ZIP, 440.0, 2, 220.00, 4.50, 0.00000637, 0.00000626
trial0018388, GDX, 2989.0, 38, 78.66, 2.32, 0.00032570, 0.00000366, ZIP, 368.0, 2, 184.00, 5.00, 0.00000714, 0.00000567
trial0018389, GDX, 7618.0, 38, 200.47, 5.63, 0.00028376, 0.00000360, ZIP, 336.0, 2, 168.00, 5.00, 0.00000651, 0.00000599
trial0018390, GDX, 3109.0, 38, 81.82, 2.47, 0.00034886, 0.00000378, ZIP, 230.0, 2, 115.00, 3.00, 0.00000685, 0.00000598
trial0018391, GDX, 7693.0, 38, 202.45, 5.39, 0.00033797, 0.00000379, ZIP, 459.0, 2, 229.50, 5.50, 0.00000620, 0.00000637
trial0018392, GDX, 4227.5, 38, 111.25, 3.00, 0.00034526, 0.00000382, ZIP, 354.5, 2, 177.25, 5.00, 0.00000675, 0.00000584
trial0018393, GDX, 3084.5, 38, 81.17, 2.08, 0.00032274, 0.00000394, ZIP, 315.5, 2, 157.75, 5.50, 0.00000643, 0.00000628
trial0018394, GDX, 5522.0, 38, 145.32, 3.92, 0.00034171, 0.00000413, ZIP, 268.0, 2, 134.00, 5.50, 0.00000693, 0.00000632
trial0018395, GDX, 5730.0, 38, 150.79, 3.66, 0.00031264, 0.00000382, ZIP, 387.0, 2, 193.50, 4.50, 0.00000671, 0.00000642
trial0018396, GDX, 5731.5, 38, 150.83, 3.63, 0.00031981, 0.00000372, ZIP, 383.5, 2, 191.75, 6.00, 0.00000641, 0.00000564
trial0018397, GDX, 1746.5, 38, 45.96, 1.50, 0.00030827, 0.00000384, ZIP, 556.5, 2, 278.25, 7.50, 0.00000657, 0.00000599
trial0018398, GDX, 4011.5, 38, 105.57, 2.68, 0.00033507, 0.00000379, ZIP, 407.5, 2, 203.75, 5.00, 0.00000691, 0.00000577
trial0018399, GDX, 3259.0, 38, 85.76, 2.58, 0.00034463, 0.00000387, ZIP, 621.0, 2, 310.50, 7.00, 0.00000645, 0.00000592
trial0018400, GDX, 3003.5, 38, 79.04, 2.24, 0.00033590, 0.00000386, ZIP, 649.5, 2, 324.75, 7.50, 0.00000673, 0.00000573
trial0018401, GDX, 2431.0, 38, 63.97, 1.89, 0.00035032, 0.00000372, ZIP, 265.0, 2, 132.50, 4.00, 0.00000661, 0.00000558
trial0018402, GDX, 3249.0, 38, 85.50, 2.74, 0.00038248, 0.00000377, ZIP, 539.0, 2, 269.50, 5.00, 0.00000994, 0.00000601
trial0018403, GDX, 2531.0, 38, 66.61, 1.74, 0.00037061, 0.00000417, ZIP, 241.0, 2, 120.50, 5.00, 0.00000703, 0.00000666
trial0018404, GDX, 1661.5, 38, 43.72, 1.39, 0.00036081, 0.00000375, ZIP, 359.5, 2, 179.75, 5.50, 0.00000648, 0.00000550
trial0018405, GDX, 2720.5, 38, 71.59, 1.92, 0.00034479, 0.00000392, ZIP, 289.5, 2, 144.75, 5.50, 0.00000683, 0.00000688
trial0018406, GDX, 3391.5, 38, 89.25, 2.55, 0.00034101, 0.00000375, ZIP, 243.5, 2, 121.75, 2.50, 0.00000679, 0.00000569
trial0018407, GDX, 1911.5, 38, 50.30, 1.45, 0.00037353, 0.00000393, ZIP, 555.5, 2, 277.75, 6.50, 0.00000712, 0.00000584
trial0018408, GDX, 1684.0, 38, 44.32, 1.32, 0.00036611, 0.00000352, ZIP, 363.0, 2, 181.50, 4.00, 0.00000677, 0.00000486
trial0018409, GDX, 2410.5, 38, 63.43, 1.84, 0.00032917, 0.00000385, ZIP, 553.5, 2, 276.75, 5.00, 0.00000668, 0.00000583
trial0018410, GDX, 4203.5, 38, 110.62, 3.16, 0.00033537, 0.00000383, ZIP, 122.5, 2, 61.25, 2.00, 0.00000686, 0.00000669
trial0018411, GDX, 2309.5, 38, 60.78, 1.71, 0.00033879, 0.00000378, ZIP, 531.5, 2, 265.75, 5.50, 0.00000641, 0.00000559
trial0018412, GDX, 2353.5, 38, 61.93, 1.74, 0.00037051, 0.00000411, ZIP, 333.5, 2, 166.75, 5.00, 0.00000652, 0.00000609
trial0018413, GDX, 4874.5, 38, 128.28, 3.61, 0.00033364, 0.00000378, ZIP, 423.5, 2, 211.75, 6.50, 0.00000652, 0.00000617
trial0018414, GDX, 2859.25, 38, 75.24, 1.97, 0.00034883, 0.00000378, ZIP, 453.75, 2, 226.88, 5.50, 0.00000671, 0.00000530
trial0018415, GDX, 3814.0, 38, 100.37, 2.71, 0.00034285, 0.00000361, ZIP, 497.0, 2, 248.50, 5.50, 0.00000671, 0.00000532
trial0018416, GDX, 2945.75, 38, 77.52, 2.29, 0.00034439, 0.00000363, ZIP, 256.25, 2, 128.12, 3.50, 0.00000663, 0.00000497
trial0018417, GDX, 1917.0, 38, 50.45, 1.53, 0.00034941, 0.00000400, ZIP, 528.0, 2, 264.00, 7.00, 0.00000674, 0.00000633
trial0018418, GDX, 3438.75, 38, 90.49, 2.39, 0.00034139, 0.00000383, ZIP, 394.25, 2, 197.12, 7.50, 0.00000652, 0.00000581
trial0018419, GDX, 5424.5, 38, 142.75, 3.95, 0.00032256, 0.00000387, ZIP, 507.5, 2, 253.75, 6.00, 0.00000642, 0.00000620
trial0018420, GDX, 3359.5, 38, 88.41, 2.89, 0.00034992, 0.00000388, ZIP, 409.5, 2, 204.75, 5.00, 0.00000681, 0.00000605
trial0018421, GDX, 3046.0, 38, 80.16, 2.37, 0.00033963, 0.00000383, ZIP, 296.0, 2, 148.00, 3.00, 0.00000693, 0.00000656
trial0018422, GDX, 3768.0, 38, 99.16, 3.13, 0.00032673, 0.00000399, ZIP, 425.0, 2, 212.50, 6.50, 0.00000651, 0.00000657
trial0018423, GDX, 2464.5, 38, 64.86, 1.84, 0.00033709, 0.00000379, ZIP, 301.5, 2, 150.75, 6.00, 0.00000698, 0.00000610
trial0018424, GDX, 3706.5, 38, 97.54, 2.76, 0.00038000, 0.00000398, ZIP, 298.5, 2, 149.25, 3.50, 0.00000640, 0.00000652
trial0018425, GDX, 2684.5, 38, 70.64, 2.32, 0.00034084, 0.00000370, ZIP, 185.5, 2, 92.75, 3.00, 0.00000679, 0.00000613
trial0018426, GDX, 5423.5, 38, 142.72, 4.13, 0.00035933, 0.00000387, ZIP, 458.5, 2, 229.25, 5.50, 0.00000629, 0.00000605
trial0018427, GDX, 6174.5, 38, 162.49, 4.37, 0.00036498, 0.00000400, ZIP, 347.5, 2, 173.75, 6.00, 0.00000642, 0.00000701
trial0018428, GDX, 6004.0, 38, 158.00, 4.55, 0.00029635, 0.00000372, ZIP, 408.0, 2, 204.00, 6.50, 0.00000645, 0.00000673
trial0018429, GDX, 3646.5, 38, 95.96, 2.84, 0.00034965, 0.00000368, ZIP, 134.5, 2, 67.25, 2.00, 0.00000674, 0.00000509
trial0018430, GDX, 6086.0, 38, 160.16, 4.50, 0.00032541, 0.00000386, ZIP, 307.0, 2, 153.50, 3.50, 0.00000661, 0.00000702
trial0018431, GDX, 3974.0, 38, 104.58, 3.13, 0.00035546, 0.00000397, ZIP, 378.0, 2, 189.00, 4.50, 0.00000688, 0.00000703
trial0018432, GDX, 4801.5, 38, 126.36, 3.42, 0.00034865, 0.00000381, ZIP, 466.5, 2, 233.25, 5.00, 0.00000662, 0.00000601
trial0018433, GDX, 4580.0, 38, 120.53, 3.53, 0.00034495, 0.00000382, ZIP, 342.0, 2, 171.00, 4.00, 0.00000648, 0.00000597
trial0018434, GDX, 5718.5, 38, 150.49, 4.11, 0.00032915, 0.00000391, ZIP, 273.5, 2, 136.75, 4.00, 0.00000665, 0.00000644
trial0018435, GDX, 3786.0, 38, 99.63, 2.61, 0.00035399, 0.00000414, ZIP, 582.0, 2, 291.00, 6.50, 0.00000636, 0.00000641
trial0018436, GDX, 2688.0, 38, 70.74, 1.87, 0.00034908, 0.00000463, ZIP, 322.0, 2, 161.00, 4.50, 0.00000653, 0.00000578
trial0018437, GDX, 4019.5, 38, 105.78, 3.13, 0.00032811, 0.00000378, ZIP, 285.5, 2, 142.75, 4.50, 0.00000672, 0.00000618
trial0018438, GDX, 3509.0, 38, 92.34, 2.87, 0.00033968, 0.00000375, ZIP, 565.0, 2, 282.50, 6.50, 0.00000636, 0.00000557
trial0018439, GDX, 3868.0, 38, 101.79, 3.13, 0.00035138, 0.00000373, ZIP, 428.0, 2, 214.00, 5.50, 0.00000654, 0.00000621
trial0018440, GDX, 3143.75, 38, 82.73, 2.26, 0.00034448, 0.00000372, ZIP, 315.25, 2, 157.62, 5.00, 0.00000648, 0.00000556
trial0018441, GDX, 1283.5, 38, 33.78, 1.05, 0.00032376, 0.00000395, ZIP, 386.5, 2, 193.25, 5.00, 0.00000652, 0.00000545
trial0018442, GDX, 4073.0, 38, 107.18, 2.82, 0.00033894, 0.00000380, ZIP, 373.0, 2, 186.50, 5.50, 0.00000668, 0.00000599
trial0018443, GDX, 5421.5, 38, 142.67, 3.95, 0.00033790, 0.00000406, ZIP, 280.5, 2, 140.25, 5.00, 0.00000669, 0.00000748
trial0018444, GDX, 5757.5, 38, 151.51, 4.66, 0.00032044, 0.00000376, ZIP, 396.5, 2, 198.25, 4.50, 0.00000629, 0.00000603
trial0018445, GDX, 2694.5, 38, 70.91, 2.16, 0.00031761, 0.00000369, ZIP, 374.5, 2, 187.25, 5.00, 0.00000647, 0.00000569
trial0018446, GDX, 4370.0, 38, 115.00, 3.45, 0.00034935, 0.00000390, ZIP, 468.0, 2, 234.00, 5.50, 0.00000673, 0.00000614
trial0018447, GDX, 4040.0, 38, 106.32, 2.97, 0.00035334, 0.00000393, ZIP, 462.0, 2, 231.00, 6.50, 0.00000633, 0.00000584
trial0018448, GDX, 3156.0, 38, 83.05, 2.13, 0.00034110, 0.00000392, ZIP, 269.0, 2, 134.50, 5.50, 0.00000666, 0.00000638
trial0018449, GDX, 4338.0, 38, 114.16, 3.29, 0.00034259, 0.00000388, ZIP, 387.0, 2, 193.50, 4.50, 0.00000659, 0.00000641
trial0018450, GDX, 2663.5, 38, 70.09, 2.16, 0.00034232, 0.00000365, ZIP, 564.5, 2, 282.25, 6.00, 0.00000652, 0.00000547
trial0018451, GDX, 3668.0, 38, 96.53, 2.92, 0.00034995, 0.00000370, ZIP, 322.0, 2, 161.00, 4.50, 0.00000709, 0.00000512
trial0018452, GDX, 3951.0, 38, 103.97, 3.18, 0.00033323, 0.00000382, ZIP, 533.0, 2, 266.50, 5.50, 0.00000632, 0.00000674
trial0018453, GDX, 5070.25, 38, 133.43, 3.63, 0.00033802, 0.00000387, ZIP, 445.75, 2, 222.88, 6.00, 0.00000659, 0.00000602
trial0018454, GDX, 4432.5, 38, 116.64, 3.42, 0.00035172, 0.00000373, ZIP, 225.5, 2, 112.75, 4.00, 0.00000666, 0.00000567
trial0018455, GDX, 2595.5, 38, 68.30, 2.03, 0.00035542, 0.00000371, ZIP, 296.5, 2, 148.25, 3.50, 0.00000652, 0.00000523
trial0018456, GDX, 3645.0, 38, 95.92, 2.47, 0.00036415, 0.00000385, ZIP, 347.0, 2, 173.50, 3.00, 0.00000672, 0.00000608
trial0018457, GDX, 2748.0, 38, 72.32, 1.92, 0.00035979, 0.00000372, ZIP, 350.0, 2, 175.00, 3.50, 0.00000686, 0.00000590
trial0018458, GDX, 5093.0, 38, 134.03, 3.68, 0.00030952, 0.00000361, ZIP, 453.0, 2, 226.50, 7.00, 0.00000646, 0.00000543
trial0018459, GDX, 4788.25, 38, 126.01, 3.55, 0.00032593, 0.00000399, ZIP, 300.75, 2, 150.38, 4.50, 0.00000731, 0.00000683
trial0018460, GDX, 6160.0, 38, 162.11, 4.47, 0.00033664, 0.00000402, ZIP, 280.0, 2, 140.00, 5.00, 0.00000697, 0.00000621
trial0018461, GDX, 1748.5, 38, 46.01, 1.50, 0.00087346, 0.00000635, ZIP, 154.5, 2, 77.25, 1.50, 0.00001016, 0.00000646
trial0018462, GDX, 5611.5, 38, 147.67, 4.53, 0.00032059, 0.00000437, ZIP, 260.5, 2, 130.25, 4.00, 0.00000752, 0.00000778
trial0018463, GDX, 2446.5, 38, 64.38, 2.03, 0.00034777, 0.00000394, ZIP, 677.5, 2, 338.75, 6.50, 0.00000687, 0.00000633
trial0018464, GDX, 2191.5, 38, 57.67, 1.76, 0.00035948, 0.00000382, ZIP, 522.5, 2, 261.25, 5.50, 0.00000687, 0.00000639
trial0018465, GDX, 4284.0, 38, 112.74, 3.50, 0.00033127, 0.00000377, ZIP, 452.0, 2, 226.00, 5.50, 0.00000670, 0.00000603
trial0018466, GDX, 2012.0, 38, 52.95, 1.55, 0.00034106, 0.00000372, ZIP, 339.0, 2, 169.50, 3.50, 0.00000666, 0.00000532
trial0018467, GDX, 4562.0, 38, 120.05, 3.05, 0.00035306, 0.00000375, ZIP, 517.0, 2, 258.50, 7.00, 0.00000678, 0.00000586
trial0018468, GDX, 5975.0, 38, 157.24, 4.82, 0.00030643, 0.00000364, ZIP, 500.0, 2, 250.00, 6.50, 0.00000654, 0.00000616
trial0018469, GDX, 3510.5, 38, 92.38, 2.47, 0.00034945, 0.00000368, ZIP, 557.5, 2, 278.75, 6.00, 0.00000669, 0.00000525
trial0018470, GDX, 3523.5, 38, 92.72, 2.42, 0.00035561, 0.00000383, ZIP, 374.5, 2, 187.25, 4.00, 0.00000649, 0.00000587
trial0018471, GDX, 2922.0, 38, 76.89, 2.00, 0.00035563, 0.00000392, ZIP, 380.0, 2, 190.00, 4.00, 0.00000672, 0.00000578
trial0018472, GDX, 1830.0, 38, 48.16, 1.63, 0.00033078, 0.00000379, ZIP, 324.0, 2, 162.00, 4.00, 0.00000688, 0.00000557
trial0018473, GDX, 2144.0, 38, 56.42, 1.74, 0.00034081, 0.00000388, ZIP, 472.0, 2, 236.00, 7.00, 0.00000658, 0.00000633
trial0018474, GDX, 4391.5, 38, 115.57, 3.53, 0.00035350, 0.00000386, ZIP, 313.5, 2, 156.75, 4.00, 0.00000666, 0.00000545
trial0018475, GDX, 3349.5, 38, 88.14, 2.39, 0.00033601, 0.00000368, ZIP, 310.5, 2, 155.25, 3.50, 0.00000670, 0.00000549
trial0018476, GDX, 3149.5, 38, 82.88, 2.66, 0.00035028, 0.00000376, ZIP, 398.5, 2, 199.25, 6.50, 0.00000672, 0.00000568
trial0018477, GDX, 2581.25, 38, 67.93, 2.05, 0.00033060, 0.00000376, ZIP, 431.75, 2, 215.88, 5.00, 0.00000634, 0.00000525
trial0018478, GDX, 3965.0, 38, 104.34, 2.71, 0.00033553, 0.00000385, ZIP, 234.0, 2, 117.00, 4.50, 0.00000658, 0.00000623
trial0018479, GDX, 3845.5, 38, 101.20, 2.97, 0.00034319, 0.00000381, ZIP, 310.5, 2, 155.25, 4.50, 0.00000622, 0.00000632
trial0018480, GDX, 2781.0, 38, 73.18, 2.13, 0.00035603, 0.00000403, ZIP, 574.0, 2, 287.00, 7.50, 0.00000660, 0.00000594
trial0018481, GDX, 2628.5, 38, 69.17, 1.89, 0.00031874, 0.00000383, ZIP, 322.5, 2, 161.25, 4.00, 0.00000652, 0.00000607
trial0018482, GDX, 4535.5, 38, 119.36, 3.58, 0.00034475, 0.00000374, ZIP, 169.5, 2, 84.75, 2.00, 0.00000722, 0.00000599
trial0018483, GDX, 2741.5, 38, 72.14, 2.21, 0.00034421, 0.00000375, ZIP, 462.5, 2, 231.25, 6.00, 0.00000645, 0.00000577
trial0018484, GDX, 3609.0, 38, 94.97, 2.95, 0.00032742, 0.00000362, ZIP, 331.0, 2, 165.50, 5.00, 0.00000639, 0.00000534
trial0018485, GDX, 6483.0, 38, 170.61, 4.79, 0.00033724, 0.00000388, ZIP, 378.0, 2, 189.00, 5.00, 0.00000657, 0.00000632
trial0018486, GDX, 4454.25, 38, 117.22, 3.55, 0.00031976, 0.00000384, ZIP, 468.75, 2, 234.38, 5.50, 0.00000670, 0.00000619
trial0018487, GDX, 3767.75, 38, 99.15, 2.71, 0.00034949, 0.00000362, ZIP, 323.25, 2, 161.62, 2.50, 0.00000678, 0.00000522
trial0018488, GDX, 3480.0, 38, 91.58, 2.42, 0.00032692, 0.00000385, ZIP, 438.0, 2, 219.00, 7.00, 0.00000663, 0.00000608
trial0018489, GDX, 3064.0, 38, 80.63, 2.21, 0.00037628, 0.00000382, ZIP, 410.0, 2, 205.00, 5.00, 0.00000676, 0.00000591
trial0018490, GDX, 1141.5, 38, 30.04, 0.82, 0.00032719, 0.00000398, ZIP, 577.5, 2, 288.75, 5.50, 0.00000654, 0.00000617
trial0018491, GDX, 3386.0, 38, 89.11, 2.84, 0.00030864, 0.00000356, ZIP, 181.0, 2, 90.50, 2.00, 0.00000641, 0.00000611
trial0018492, GDX, 3793.5, 38, 99.83, 3.18, 0.00033518, 0.00000363, ZIP, 461.5, 2, 230.75, 5.50, 0.00000660, 0.00000517
trial0018493, GDX, 4399.0, 38, 115.76, 3.32, 0.00034512, 0.00000370, ZIP, 446.0, 2, 223.00, 5.00, 0.00000680, 0.00000539
trial0018494, GDX, 2243.5, 38, 59.04, 1.55, 0.00031695, 0.00000382, ZIP, 526.5, 2, 263.25, 6.50, 0.00000640, 0.00000626
trial0018495, GDX, 1852.5, 38, 48.75, 1.29, 0.00035203, 0.00000384, ZIP, 549.5, 2, 274.75, 4.50, 0.00000688, 0.00000548
trial0018496, GDX, 2617.5, 38, 68.88, 2.18, 0.00033086, 0.00000389, ZIP, 437.5, 2, 218.75, 5.50, 0.00000645, 0.00000625
trial0018497, GDX, 6581.0, 38, 173.18, 4.74, 0.00031891, 0.00000384, ZIP, 286.0, 2, 143.00, 5.00, 0.00000658, 0.00000656
trial0018498, GDX, 2961.5, 38, 77.93, 2.16, 0.00031598, 0.00000381, ZIP, 615.5, 2, 307.75, 6.00, 0.00000630, 0.00000573
trial0018499, GDX, 2219.25, 38, 58.40, 1.68, 0.00036318, 0.00000399, ZIP, 225.75, 2, 112.88, 4.00, 0.00000709, 0.00000619
trial0018500, GDX, 846.0, 38, 22.26, 0.68, 0.00033896, 0.00000387, ZIP, 625.0, 2, 312.50, 5.00, 0.00000677, 0.00000620
trial0018501, GDX, 1786.5, 38, 47.01, 2.13, 0.00029041, 0.00000347, ZIP, 138.5, 2, 69.25, 2.50, 0.00000669, 0.00000573
trial0018502, GDX, 2921.0, 38, 76.87, 3.05, 0.00028335, 0.00000382, ZIP, 322.0, 2, 161.00, 8.00, 0.00000643, 0.00000629
trial0018503, GDX, 2422.0, 38, 63.74, 2.50, 0.00026685, 0.00000364, ZIP, 282.0, 2, 141.00, 3.50, 0.00000664, 0.00000594
trial0018504, GDX, 4771.5, 38, 125.57, 5.68, 0.00023359, 0.00000343, ZIP, 192.5, 2, 96.25, 5.00, 0.00000675, 0.00000623
trial0018505, GDX, 4373.5, 38, 115.09, 5.24, 0.00022566, 0.00000332, ZIP, 198.5, 2, 99.25, 5.50, 0.00000665, 0.00000563
trial0018506, GDX, 3987.75, 38, 104.94, 5.18, 0.00024917, 0.00000359, ZIP, 239.25, 2, 119.62, 5.50, 0.00000653, 0.00000592
trial0018507, GDX, 4839.0, 38, 127.34, 5.84, 0.00023640, 0.00000352, ZIP, 200.0, 2, 100.00, 5.00, 0.00000650, 0.00000624
trial0018508, GDX, 3246.0, 38, 85.42, 3.97, 0.00024139, 0.00000344, ZIP, 358.0, 2, 179.00, 6.50, 0.00000663, 0.00000587
trial0018509, GDX, 3742.5, 38, 98.49, 4.13, 0.00025615, 0.00000352, ZIP, 141.5, 2, 70.75, 5.50, 0.00000631, 0.00000585
trial0018510, GDX, 1563.0, 38, 41.13, 2.00, 0.00024945, 0.00000364, ZIP, 161.0, 2, 80.50, 4.00, 0.00000656, 0.00000602
trial0018511, GDX, 3137.5, 38, 82.57, 3.71, 0.00026674, 0.00000365, ZIP, 366.5, 2, 183.25, 6.50, 0.00000645, 0.00000594
trial0018512, GDX, 2408.75, 38, 63.39, 2.87, 0.00025427, 0.00000369, ZIP, 239.25, 2, 119.62, 5.50, 0.00000649, 0.00000699
trial0018513, GDX, 3695.5, 38, 97.25, 4.29, 0.00025928, 0.00000354, ZIP, 220.5, 2, 110.25, 3.50, 0.00000690, 0.00000622
trial0018514, GDX, 1766.5, 38, 46.49, 1.89, 0.00026364, 0.00000369, ZIP, 169.5, 2, 84.75, 4.00, 0.00000664, 0.00000627
trial0018515, GDX, 3920.0, 38, 103.16, 4.53, 0.00023280, 0.00000343, ZIP, 287.0, 2, 143.50, 7.00, 0.00000655, 0.00000560
trial0018516, GDX, 3822.75, 38, 100.60, 4.37, 0.00023733, 0.00000334, ZIP, 282.25, 2, 141.12, 7.00, 0.00000655, 0.00000542
trial0018517, GDX, 3788.5, 38, 99.70, 4.71, 0.00024870, 0.00000349, ZIP, 333.5, 2, 166.75, 6.50, 0.00000650, 0.00000590
trial0018518, GDX, 3883.5, 38, 102.20, 4.42, 0.00024068, 0.00000373, ZIP, 76.5, 2, 38.25, 2.00, 0.00000656, 0.00000622
trial0018519, GDX, 1853.5, 38, 48.78, 2.11, 0.00025672, 0.00000367, ZIP, 312.5, 2, 156.25, 6.00, 0.00000713, 0.00000616
trial0018520, GDX, 2927.75, 38, 77.05, 3.53, 0.00027634, 0.00000383, ZIP, 295.25, 2, 147.62, 6.00, 0.00000691, 0.00000621
trial0018521, GDX, 3643.5, 38, 95.88, 4.53, 0.00024827, 0.00000342, ZIP, 180.5, 2, 90.25, 6.00, 0.00000680, 0.00000565
trial0018522, GDX, 4636.0, 38, 122.00, 5.63, 0.00025960, 0.00000353, ZIP, 316.0, 2, 158.00, 7.00, 0.00000650, 0.00000621
trial0018523, GDX, 2634.0, 38, 69.32, 3.29, 0.00026242, 0.00000352, ZIP, 258.0, 2, 129.00, 5.50, 0.00000652, 0.00000571
trial0018524, GDX, 3745.5, 38, 98.57, 4.76, 0.00025294, 0.00000360, ZIP, 181.5, 2, 90.75, 3.50, 0.00000650, 0.00000608
trial0018525, GDX, 4276.0, 38, 112.53, 5.47, 0.00024192, 0.00000326, ZIP, 288.0, 2, 144.00, 7.00, 0.00000657, 0.00000503
trial0018526, GDX, 3324.5, 38, 87.49, 4.24, 0.00025768, 0.00000367, ZIP, 384.5, 2, 192.25, 7.50, 0.00000673, 0.00000604
trial0018527, GDX, 4507.25, 38, 118.61, 5.03, 0.00025599, 0.00000359, ZIP, 224.75, 2, 112.38, 5.50, 0.00000634, 0.00000585
trial0018528, GDX, 2763.5, 38, 72.72, 3.18, 0.00027003, 0.00000361, ZIP, 253.5, 2, 126.75, 5.50, 0.00000676, 0.00000597
trial0018529, GDX, 1966.0, 38, 51.74, 2.11, 0.00026849, 0.00000373, ZIP, 321.0, 2, 160.50, 6.00, 0.00000650, 0.00000631
trial0018530, GDX, 3671.0, 38, 96.61, 4.05, 0.00026245, 0.00000373, ZIP, 259.0, 2, 129.50, 6.00, 0.00000644, 0.00000629
trial0018531, GDX, 1657.5, 38, 43.62, 1.71, 0.00025229, 0.00000369, ZIP, 192.5, 2, 96.25, 5.50, 0.00000648, 0.00000594
trial0018532, GDX, 3860.0, 38, 101.58, 4.29, 0.00022590, 0.00000335, ZIP, 246.0, 2, 123.00, 5.50, 0.00000682, 0.00000574
trial0018533, GDX, 3646.0, 38, 95.95, 4.29, 0.00027183, 0.00000370, ZIP, 412.0, 2, 206.00, 8.50, 0.00000654, 0.00000585
trial0018534, GDX, 2191.5, 38, 57.67, 2.50, 0.00025575, 0.00000351, ZIP, 383.5, 2, 191.75, 7.50, 0.00000660, 0.00000570
trial0018535, GDX, 1889.0, 38, 49.71, 2.16, 0.00026977, 0.00000363, ZIP, 470.0, 2, 235.00, 7.00, 0.00000689, 0.00000580
trial0018536, GDX, 3946.5, 38, 103.86, 4.95, 0.00026425, 0.00000362, ZIP, 240.5, 2, 120.25, 5.00, 0.00000674, 0.00000623
trial0018537, GDX, 3178.5, 38, 83.64, 3.55, 0.00025264, 0.00000363, ZIP, 338.5, 2, 169.25, 7.50, 0.00000671, 0.00000647
trial0018538, GDX, 4119.75, 38, 108.41, 5.26, 0.00023015, 0.00000333, ZIP, 267.25, 2, 133.62, 6.00, 0.00000668, 0.00000590
trial0018539, GDX, 2161.5, 38, 56.88, 2.61, 0.00025579, 0.00000353, ZIP, 275.5, 2, 137.75, 5.50, 0.00000682, 0.00000532
trial0018540, GDX, 2007.5, 38, 52.83, 2.34, 0.00027554, 0.00000381, ZIP, 208.5, 2, 104.25, 6.50, 0.00000709, 0.00000603
trial0018541, GDX, 1503.0, 38, 39.55, 1.82, 0.00025658, 0.00000369, ZIP, 361.0, 2, 180.50, 6.50, 0.00000666, 0.00000586
trial0018542, GDX, 3889.0, 38, 102.34, 4.82, 0.00023437, 0.00000350, ZIP, 173.0, 2, 86.50, 4.50, 0.00000656, 0.00000613
trial0018543, GDX, 2883.0, 38, 75.87, 3.50, 0.00025639, 0.00000349, ZIP, 152.0, 2, 76.00, 3.50, 0.00000623, 0.00000564
trial0018544, GDX, 2893.5, 38, 76.14, 2.87, 0.00028854, 0.00000389, ZIP, 314.5, 2, 157.25, 5.50, 0.00000638, 0.00000657
trial0018545, GDX, 2669.5, 38, 70.25, 2.92, 0.00027461, 0.00000350, ZIP, 164.5, 2, 82.25, 2.50, 0.00000696, 0.00000589
trial0018546, GDX, 3980.0, 38, 104.74, 4.84, 0.00026399, 0.00000365, ZIP, 285.0, 2, 142.50, 6.00, 0.00000629, 0.00000601
trial0018547, GDX, 705.5, 38, 18.57, 0.68, 0.00024188, 0.00000363, ZIP, 318.5, 2, 159.25, 8.00, 0.00000677, 0.00000529
trial0018548, GDX, 3823.75, 38, 100.62, 4.53, 0.00025762, 0.00000361, ZIP, 232.25, 2, 116.12, 6.00, 0.00000654, 0.00000565
trial0018549, GDX, 3015.75, 38, 79.36, 3.42, 0.00026052, 0.00000371, ZIP, 297.25, 2, 148.62, 7.00, 0.00000671, 0.00000599
trial0018550, GDX, 3355.5, 38, 88.30, 3.97, 0.00027501, 0.00000360, ZIP, 263.5, 2, 131.75, 5.50, 0.00000664, 0.00000587
trial0018551, GDX, 2247.5, 38, 59.14, 2.42, 0.00026621, 0.00000387, ZIP, 284.5, 2, 142.25, 5.00, 0.00000643, 0.00000662
trial0018552, GDX, 1798.5, 38, 47.33, 2.05, 0.00024780, 0.00000368, ZIP, 299.5, 2, 149.75, 5.00, 0.00000680, 0.00000599
trial0018553, GDX, 2810.0, 38, 73.95, 3.55, 0.00027431, 0.00000366, ZIP, 247.0, 2, 123.50, 5.50, 0.00000655, 0.00000631
trial0018554, GDX, 3798.25, 38, 99.95, 4.37, 0.00025714, 0.00000362, ZIP, 257.75, 2, 128.88, 6.00, 0.00000672, 0.00000614
trial0018555, GDX, 3424.0, 38, 90.11, 4.16, 0.00025742, 0.00000359, ZIP, 318.0, 2, 159.00, 6.00, 0.00000646, 0.00000634
trial0018556, GDX, 3237.5, 38, 85.20, 3.24, 0.00026420, 0.00000350, ZIP, 238.5, 2, 119.25, 3.50, 0.00000642, 0.00000567
trial0018557, GDX, 4393.0, 38, 115.61, 5.03, 0.00025326, 0.00000365, ZIP, 165.0, 2, 82.50, 4.50, 0.00000657, 0.00000686
trial0018558, GDX, 2615.5, 38, 68.83, 3.24, 0.00027139, 0.00000349, ZIP, 201.5, 2, 100.75, 5.50, 0.00000659, 0.00000507
trial0018559, GDX, 1643.5, 38, 43.25, 1.92, 0.00028351, 0.00000386, ZIP, 307.5, 2, 153.75, 5.50, 0.00000663, 0.00000601
trial0018560, GDX, 2545.5, 38, 66.99, 2.97, 0.00024535, 0.00000359, ZIP, 326.5, 2, 163.25, 6.50, 0.00000670, 0.00000587
trial0018561, GDX, 4342.25, 38, 114.27, 5.08, 0.00027301, 0.00000366, ZIP, 378.75, 2, 189.38, 6.50, 0.00000641, 0.00000668
trial0018562, GDX, 3253.0, 38, 85.61, 3.89, 0.00026101, 0.00000359, ZIP, 292.0, 2, 146.00, 7.00, 0.00000633, 0.00000602
trial0018563, GDX, 2996.0, 38, 78.84, 3.47, 0.00025543, 0.00000356, ZIP, 286.0, 2, 143.00, 7.00, 0.00000624, 0.00000543
trial0018564, GDX, 3432.0, 38, 90.32, 3.97, 0.00027649, 0.00000358, ZIP, 173.0, 2, 86.50, 4.50, 0.00000692, 0.00000578
trial0018565, GDX, 4479.0, 38, 117.87, 5.74, 0.00024794, 0.00000345, ZIP, 181.0, 2, 90.50, 4.00, 0.00000661, 0.00000624
trial0018566, GDX, 2817.5, 38, 74.14, 3.45, 0.00026341, 0.00000377, ZIP, 277.5, 2, 138.75, 5.50, 0.00001333, 0.00000599
trial0018567, GDX, 3112.0, 38, 81.89, 3.74, 0.00026437, 0.00000350, ZIP, 348.0, 2, 174.00, 6.00, 0.00000655, 0.00000529
trial0018568, GDX, 3073.5, 38, 80.88, 3.82, 0.00023517, 0.00000352, ZIP, 298.5, 2, 149.25, 4.50, 0.00000651, 0.00000596
trial0018569, GDX, 4178.75, 38, 109.97, 5.00, 0.00025374, 0.00000375, ZIP, 322.25, 2, 161.12, 8.00, 0.00000640, 0.00000654
trial0018570, GDX, 1722.0, 38, 45.32, 1.92, 0.00023850, 0.00000363, ZIP, 243.0, 2, 121.50, 4.50, 0.00000711, 0.00000581
trial0018571, GDX, 2127.75, 38, 55.99, 2.05, 0.00027175, 0.00000358, ZIP, 220.25, 2, 110.12, 6.00, 0.00000685, 0.00000558
trial0018572, GDX, 3350.0, 38, 88.16, 3.68, 0.00026261, 0.00000365, ZIP, 243.0, 2, 121.50, 7.00, 0.00000691, 0.00000598
trial0018573, GDX, 1605.0, 38, 42.24, 1.92, 0.00024353, 0.00000346, ZIP, 237.0, 2, 118.50, 6.50, 0.00000658, 0.00000529
trial0018574, GDX, 4074.0, 38, 107.21, 4.74, 0.00024902, 0.00000351, ZIP, 194.0, 2, 97.00, 5.00, 0.00000675, 0.00000622
trial0018575, GDX, 1965.5, 38, 51.72, 2.13, 0.00025373, 0.00000346, ZIP, 164.5, 2, 82.25, 5.50, 0.00000646, 0.00000549
trial0018576, GDX, 4225.5, 38, 111.20, 5.37, 0.00023956, 0.00000354, ZIP, 345.5, 2, 172.75, 6.00, 0.00000669, 0.00000650
trial0018577, GDX, 3006.5, 38, 79.12, 3.79, 0.00027609, 0.00000365, ZIP, 224.5, 2, 112.25, 3.00, 0.00000669, 0.00000667
trial0018578, GDX, 2155.5, 38, 56.72, 2.71, 0.00030192, 0.00000465, ZIP, 131.5, 2, 65.75, 4.50, 0.00000698, 0.00000618
trial0018579, GDX, 1262.5, 38, 33.22, 1.47, 0.00042044, 0.00000644, ZIP, 198.5, 2, 99.25, 3.00, 0.00000835, 0.00000777
trial0018580, GDX, 1654.0, 38, 43.53, 2.08, 0.00032600, 0.00000442, ZIP, 244.0, 2, 122.00, 4.50, 0.00000766, 0.00000677
trial0018581, GDX, 1852.5, 38, 48.75, 1.97, 0.00027037, 0.00000379, ZIP, 412.5, 2, 206.25, 7.50, 0.00000650, 0.00000622
trial0018582, GDX, 4461.5, 38, 117.41, 5.58, 0.00023770, 0.00000345, ZIP, 235.5, 2, 117.75, 4.00, 0.00000642, 0.00000568
trial0018583, GDX, 3823.5, 38, 100.62, 4.74, 0.00024085, 0.00000349, ZIP, 201.5, 2, 100.75, 4.00, 0.00000659, 0.00000598
trial0018584, GDX, 2017.0, 38, 53.08, 2.11, 0.00026663, 0.00000389, ZIP, 256.0, 2, 128.00, 7.00, 0.00000653, 0.00000604
trial0018585, GDX, 3749.25, 38, 98.66, 4.82, 0.00025089, 0.00000343, ZIP, 406.75, 2, 203.38, 7.50, 0.00000671, 0.00000562
trial0018586, GDX, 4617.75, 38, 121.52, 5.50, 0.00022265, 0.00000335, ZIP, 322.25, 2, 161.12, 5.50, 0.00000643, 0.00000541
trial0018587, GDX, 4119.25, 38, 108.40, 5.21, 0.00021557, 0.00000329, ZIP, 268.75, 2, 134.38, 7.00, 0.00000636, 0.00000513
trial0018588, GDX, 1997.75, 38, 52.57, 2.45, 0.00024877, 0.00000367, ZIP, 402.25, 2, 201.12, 6.50, 0.00000641, 0.00000592
trial0018589, GDX, 4033.5, 38, 106.14, 4.82, 0.00024493, 0.00000362, ZIP, 440.5, 2, 220.25, 7.50, 0.00000686, 0.00000591
trial0018590, GDX, 4640.5, 38, 122.12, 5.58, 0.00023227, 0.00000356, ZIP, 282.5, 2, 141.25, 6.00, 0.00000683, 0.00000594
trial0018591, GDX, 2977.0, 38, 78.34, 3.47, 0.00025921, 0.00000368, ZIP, 344.0, 2, 172.00, 6.00, 0.00000665, 0.00000633
trial0018592, GDX, 3176.25, 38, 83.59, 3.79, 0.00024003, 0.00000357, ZIP, 275.75, 2, 137.88, 5.00, 0.00000685, 0.00000605
trial0018593, GDX, 2485.5, 38, 65.41, 3.29, 0.00025741, 0.00000357, ZIP, 312.5, 2, 156.25, 5.50, 0.00000682, 0.00000564
trial0018594, GDX, 3232.75, 38, 85.07, 3.82, 0.00024425, 0.00000361, ZIP, 421.25, 2, 210.62, 8.50, 0.00000669, 0.00000604
trial0018595, GDX, 3844.0, 38, 101.16, 4.61, 0.00024409, 0.00000353, ZIP, 281.0, 2, 140.50, 6.50, 0.00000657, 0.00000619
trial0018596, GDX, 2379.5, 38, 62.62, 2.95, 0.00026197, 0.00000349, ZIP, 142.5, 2, 71.25, 4.00, 0.00000676, 0.00000529
trial0018597, GDX, 3244.5, 38, 85.38, 3.71, 0.00024348, 0.00000354, ZIP, 115.5, 2, 57.75, 3.50, 0.00000657, 0.00000584
trial0018598, GDX, 2575.0, 38, 67.76, 3.13, 0.00025840, 0.00000376, ZIP, 322.0, 2, 161.00, 6.50, 0.00000658, 0.00000620
trial0018599, GDX, 1696.5, 38, 44.64, 1.92, 0.00024907, 0.00000376, ZIP, 261.5, 2, 130.75, 4.50, 0.00000667, 0.00000624
trial0018600, GDX, 3434.5, 38, 90.38, 4.29, 0.00025388, 0.00000364, ZIP, 224.5, 2, 112.25, 5.50, 0.00000658, 0.00000631
trial0018601, GDX, 5357.0, 38, 140.97, 5.66, 0.00020019, 0.00000340, ZIP, 328.0, 2, 164.00, 4.50, 0.00000665, 0.00000598
trial0018602, GDX, 3717.5, 38, 97.83, 4.13, 0.00020578, 0.00000347, ZIP, 217.5, 2, 108.75, 5.50, 0.00000659, 0.00000561
trial0018603, GDX, 4366.5, 38, 114.91, 5.08, 0.00020235, 0.00000331, ZIP, 256.5, 2, 128.25, 5.50, 0.00000670, 0.00000633
trial0018604, GDX, 3982.5, 38, 104.80, 4.34, 0.00020068, 0.00000360, ZIP, 330.5, 2, 165.25, 6.50, 0.00000628, 0.00000543
trial0018605, GDX, 4746.0, 38, 124.89, 5.18, 0.00020948, 0.00000353, ZIP, 229.0, 2, 114.50, 3.50, 0.00000633, 0.00000609
trial0018606, GDX, 3865.5, 38, 101.72, 3.87, 0.00019979, 0.00000354, ZIP, 218.5, 2, 109.25, 3.50, 0.00000635, 0.00000617
trial0018607, GDX, 4767.0, 38, 125.45, 5.32, 0.00020881, 0.00000356, ZIP, 351.0, 2, 175.50, 7.00, 0.00000622, 0.00000623
trial0018608, GDX, 2986.0, 38, 78.58, 3.39, 0.00022412, 0.00000348, ZIP, 366.0, 2, 183.00, 6.50, 0.00000695, 0.00000565
trial0018609, GDX, 2777.0, 38, 73.08, 2.92, 0.00019516, 0.00000338, ZIP, 431.0, 2, 215.50, 6.50, 0.00000644, 0.00000540
trial0018610, GDX, 1742.5, 38, 45.86, 2.13, 0.00020335, 0.00000351, ZIP, 218.5, 2, 109.25, 6.50, 0.00000716, 0.00000571
trial0018611, GDX, 4811.5, 38, 126.62, 5.00, 0.00021542, 0.00000358, ZIP, 233.5, 2, 116.75, 4.00, 0.00000661, 0.00000583
trial0018612, GDX, 5346.0, 38, 140.68, 6.11, 0.00017823, 0.00000337, ZIP, 114.0, 2, 57.00, 2.00, 0.00000635, 0.00000615
trial0018613, GDX, 4466.0, 38, 117.53, 4.87, 0.00020597, 0.00000354, ZIP, 150.0, 2, 75.00, 4.50, 0.00000668, 0.00000624
trial0018614, GDX, 4866.25, 38, 128.06, 5.24, 0.00019918, 0.00000352, ZIP, 338.75, 2, 169.38, 6.50, 0.00000637, 0.00000595
trial0018615, GDX, 2453.5, 38, 64.57, 2.50, 0.00021009, 0.00000348, ZIP, 239.5, 2, 119.75, 5.50, 0.00000649, 0.00000535
trial0018616, GDX, 961.0, 38, 25.29, 1.16, 0.00020876, 0.00000357, ZIP, 183.0, 2, 91.50, 5.00, 0.00000653, 0.00000544
trial0018617, GDX, 5368.5, 38, 141.28, 5.87, 0.00017955, 0.00000329, ZIP, 404.5, 2, 202.25, 6.50, 0.00000624, 0.00000548
trial0018618, GDX, 1142.5, 38, 30.07, 1.21, 0.00019510, 0.00000349, ZIP, 397.5, 2, 198.75, 7.00, 0.00000673, 0.00000583
trial0018619, GDX, 2562.5, 38, 67.43, 2.95, 0.00020145, 0.00000351, ZIP, 205.5, 2, 102.75, 4.00, 0.00000653, 0.00000568
trial0018620, GDX, 4084.5, 38, 107.49, 4.42, 0.00022032, 0.00000362, ZIP, 179.5, 2, 89.75, 4.00, 0.00000665, 0.00000629
trial0018621, GDX, 3509.0, 38, 92.34, 4.05, 0.00021088, 0.00000359, ZIP, 239.0, 2, 119.50, 5.00, 0.00000671, 0.00000602
trial0018622, GDX, 4390.0, 38, 115.53, 5.13, 0.00018761, 0.00000343, ZIP, 305.0, 2, 152.50, 5.50, 0.00000619, 0.00000591
trial0018623, GDX, 3219.0, 38, 84.71, 3.71, 0.00020674, 0.00000340, ZIP, 377.0, 2, 188.50, 6.50, 0.00000686, 0.00000570
trial0018624, GDX, 3966.75, 38, 104.39, 4.21, 0.00021125, 0.00000335, ZIP, 467.25, 2, 233.62, 8.00, 0.00000627, 0.00000579
